Participant_ID,Photo_ID,Viewed_Count,Album_Organized,Accuracy_Score,Detail_Score,Recall_Speed_Seconds,Shared
1,P1_1,40,0,3,4,16.23153503108542,sharer
1,P1_2,7,0,3,4,12.724702011233331,control
1,P1_3,1,1,5,5,4.7366180526588195,control
1,P1_4,47,1,10,10,6.265397254697529,control
1,P1_5,17,1,6,8,9.822128575972691,control
1,P1_6,15,0,3,3,8.610929610037552,control
1,P1_7,14,0,4,2,9.220345075602925,control
1,P1_8,8,1,6,7,12.872814887739326,control
1,P1_9,47,0,4,4,9.384349221865,control
1,P1_10,6,1,6,6,6.229311276551597,control
2,P2_1,43,0,4,4,12.41925044501104,sharer
2,P2_2,47,1,8,7,5.254137736992838,control
2,P2_3,34,0,6,5,4.371372497586693,control
2,P2_4,5,0,3,3,14.247507312072742,control
2,P2_5,37,1,7,6,7.8213970845725145,sharer
2,P2_6,27,0,3,4,7.35664654447159,sharer
2,P2_7,2,0,4,3,14.833864582654535,control
2,P2_8,1,1,7,7,5.364683714232974,control
2,P2_9,5,0,3,3,10.702855044727292,sharer
2,P2_10,13,1,6,4,10.706476938692424,sharer
3,P3_1,14,0,3,3,8.058375240532019,sharer
3,P3_2,32,0,4,4,9.66253149372414,sharer
3,P3_3,38,1,8,8,13.965925603199477,control
3,P3_4,1,1,6,6,12.242828140147836,sharer
3,P3_5,35,1,8,7,3.9571327206560643,sharer
3,P3_6,12,1,6,5,15.870327231122817,sharer
3,P3_7,45,1,6,8,7.46697571875177,sharer
3,P3_8,41,0,5,5,14.66781205177412,sharer
3,P3_9,44,0,4,3,5.536867863651272,sharer
3,P3_10,34,1,7,5,2.618703048568751,sharer
4,P4_1,26,1,8,5,9.921483899166983,sharer
4,P4_2,14,0,2,4,14.784480956286194,control
4,P4_3,28,0,3,5,15.919226559143892,sharer
4,P4_4,37,1,10,10,1.5935405219411334,control
4,P4_5,17,1,5,4,11.13304632627451,sharer
4,P4_6,0,0,3,3,18.338899456548745,sharer
4,P4_7,48,0,4,5,6.6303177548523395,control
4,P4_8,10,0,4,4,5.211262934276971,control
4,P4_9,44,0,3,4,12.838565510251788,sharer
4,P4_10,27,1,8,8,4.941869255142451,control
5,P5_1,21,0,4,5,6.859160209355137,control
5,P5_2,17,0,2,2,8.544538661329932,sharer
5,P5_3,9,0,4,3,7.395752378413447,control
5,P5_4,13,1,6,7,15.039598559745361,sharer
5,P5_5,48,0,7,5,6.402781253989482,control
5,P5_6,21,1,8,7,9.564437079435956,sharer
5,P5_7,6,1,5,6,9.048110429740564,sharer
5,P5_8,5,1,4,6,16.21424809043162,sharer
5,P5_9,24,1,7,6,10.142761186016916,sharer
5,P5_10,6,1,5,5,11.338417069195039,sharer
6,P6_1,22,1,6,4,2.079312983223132,sharer
6,P6_2,22,0,5,4,7.023310603025089,sharer
6,P6_3,38,0,6,6,7.782683656210559,control
6,P6_4,16,0,3,2,19.46216564571029,sharer
6,P6_5,2,0,4,2,17.904298716906816,sharer
6,P6_6,46,1,7,10,5.300228451033622,control
6,P6_7,29,0,5,5,9.378904274099373,control
6,P6_8,34,0,4,6,14.25250252455892,control
6,P6_9,7,0,4,4,8.609994412148179,sharer
6,P6_10,24,0,3,5,10.207147691292251,sharer
7,P7_1,5,0,2,3,13.096397133611426,control
7,P7_2,35,0,5,4,4.269239560480435,sharer
7,P7_3,18,0,4,4,16.588073187231856,control
7,P7_4,40,1,9,7,13.133420175228094,control
7,P7_5,39,1,7,5,10.443496069963029,sharer
7,P7_6,23,1,6,7,5.727687540178511,sharer
7,P7_7,36,1,7,6,7.255183370311734,control
7,P7_8,12,0,3,3,13.034533045208235,control
7,P7_9,45,0,5,3,9.51195096767509,sharer
7,P7_10,4,1,7,6,11.257692178464147,control
8,P8_1,2,1,4,7,4.683358125822637,sharer
8,P8_2,42,1,7,7,11.023231445957453,sharer
8,P8_3,14,0,3,2,10.394669269712626,sharer
8,P8_4,49,0,5,4,15.401782757722703,sharer
8,P8_5,18,1,5,5,3.6532919177139003,sharer
8,P8_6,5,0,4,4,15.800179066238337,control
8,P8_7,14,1,6,5,5.348994325014805,control
8,P8_8,6,0,5,3,16.4504093849948,control
8,P8_9,24,0,5,6,14.389559023234263,control
8,P8_10,17,0,2,3,7.760716592919012,sharer
9,P9_1,29,1,10,9,16.197124936922044,control
9,P9_2,40,0,3,4,4.107499807038472,sharer
9,P9_3,23,0,4,6,17.977092282731576,control
9,P9_4,10,0,4,3,5.250892214039449,control
9,P9_5,23,0,5,4,7.439181630647209,sharer
9,P9_6,22,1,7,5,12.941298317894365,sharer
9,P9_7,13,1,5,8,9.28501690258793,control
9,P9_8,42,1,9,6,14.791067831932445,control
9,P9_9,17,0,4,2,17.67994691810492,control
9,P9_10,44,1,7,7,13.437058493563478,sharer
10,P10_1,43,1,7,5,13.075472402268884,sharer
10,P10_2,41,1,6,8,1.1717316989648396,control
10,P10_3,4,1,7,8,9.527440294615861,control
10,P10_4,38,1,8,7,11.489829942791044,control
10,P10_5,40,1,8,10,5.2436953231653725,control
10,P10_6,10,0,2,3,10.701090703050879,sharer
10,P10_7,34,0,5,4,6.936746733436537,control
10,P10_8,46,1,9,7,5.7539463480459485,control
10,P10_9,15,1,4,4,11.175537799397643,sharer
10,P10_10,10,1,7,6,13.93896072425586,control
11,P11_1,29,0,6,5,11.350839124910141,control
11,P11_2,24,0,5,4,7.699369651433948,control
11,P11_3,17,0,3,3,16.73999936248228,control
11,P11_4,40,0,5,6,13.897768521022503,control
11,P11_5,44,1,6,5,4.5639125749853084,sharer
11,P11_6,35,0,4,4,7.54850978539594,sharer
11,P11_7,14,0,3,3,9.787064972309189,control
11,P11_8,43,1,10,8,14.091711684148754,control
11,P11_9,20,1,5,6,4.244481461513377,sharer
11,P11_10,49,1,10,7,11.991348710000382,control
12,P12_1,49,0,4,4,5.41401507517058,control
12,P12_2,3,1,6,6,10.178909633397303,sharer
12,P12_3,14,1,6,8,11.695711808372726,control
12,P12_4,2,0,2,3,14.970408307948203,control
12,P12_5,20,1,5,6,9.514682115977685,sharer
12,P12_6,25,1,6,7,1.6533987464686035,sharer
12,P12_7,17,1,7,6,11.197926862386794,control
12,P12_8,4,1,6,7,15.347911724020296,control
12,P12_9,13,1,6,6,14.56880390067904,control
12,P12_10,36,0,5,5,4.962444870215663,control
13,P13_1,45,0,5,4,14.96876408246461,control
13,P13_2,20,1,7,7,8.136020116567877,control
13,P13_3,13,1,5,6,8.034585649173541,sharer
13,P13_4,41,1,6,6,2.556147453097403,sharer
13,P13_5,31,1,6,5,1.0,sharer
13,P13_6,25,1,7,8,5.922461862844639,control
13,P13_7,41,0,4,4,4.977307020941298,control
13,P13_8,29,1,9,8,6.173528690014043,control
13,P13_9,9,0,2,2,17.629778212048222,sharer
13,P13_10,16,1,7,7,16.509740905583598,control
14,P14_1,8,1,7,7,8.249311739899596,control
14,P14_2,15,1,4,5,14.488526510749995,sharer
14,P14_3,47,0,5,6,11.463144957358775,control
14,P14_4,35,1,7,6,8.195936376500647,sharer
14,P14_5,34,0,4,5,13.740614744802697,sharer
14,P14_6,16,1,7,7,2.680967264713022,control
14,P14_7,47,1,8,9,9.853609953177079,control
14,P14_8,37,0,5,4,10.026211647750197,sharer
14,P14_9,27,0,4,6,16.655598369835335,control
14,P14_10,37,1,5,6,6.569663905389343,sharer
15,P15_1,25,1,8,7,13.237498338064764,control
15,P15_2,23,1,7,7,5.12421579652364,sharer
15,P15_3,14,0,4,4,6.397124871343216,sharer
15,P15_4,8,0,4,3,15.45933466682837,sharer
15,P15_5,32,1,9,9,5.8816870568283495,control
15,P15_6,31,0,4,6,15.732668950832972,control
15,P15_7,5,1,8,7,2.3311840136513533,control
15,P15_8,48,1,10,9,16.14500005321016,control
15,P15_9,3,1,6,4,11.716423622861397,control
15,P15_10,7,0,4,4,11.438464111330198,control
16,P16_1,9,0,2,2,8.201317654193197,control
16,P16_2,40,0,3,4,11.104515519481323,sharer
16,P16_3,10,0,2,5,15.41046501683166,control
16,P16_4,50,1,6,5,1.0,sharer
16,P16_5,43,0,5,4,12.936417690238025,sharer
16,P16_6,27,1,7,7,2.170493854933513,control
16,P16_7,38,0,4,4,13.367983911043542,control
16,P16_8,4,0,2,3,8.722505407787482,sharer
16,P16_9,24,0,5,4,6.579672108350201,sharer
16,P16_10,24,1,9,8,9.332881342946923,control
17,P17_1,38,0,4,5,13.547100923472504,control
17,P17_2,29,0,5,4,8.709861290054961,control
17,P17_3,33,1,6,9,14.88554712722119,control
17,P17_4,16,1,7,6,12.88488132022976,control
17,P17_5,35,1,9,7,1.7948563469511116,control
17,P17_6,0,1,6,6,11.872620908587564,sharer
17,P17_7,43,1,7,6,3.1264979958102908,sharer
17,P17_8,46,1,5,6,2.846272782553416,sharer
17,P17_9,7,0,2,3,18.101900846000518,sharer
17,P17_10,43,1,6,6,13.195687310088129,sharer
18,P18_1,34,0,4,4,4.516966700434072,sharer
18,P18_2,48,1,9,8,12.01470640160196,control
18,P18_3,17,0,2,4,7.684414006526775,sharer
18,P18_4,49,0,7,4,15.59770166922816,control
18,P18_5,41,0,5,6,8.56022520411601,control
18,P18_6,21,1,7,6,2.9988712611610016,sharer
18,P18_7,7,1,5,4,8.282178204593949,sharer
18,P18_8,18,1,7,5,6.97233250353127,sharer
18,P18_9,27,1,8,9,12.504860993150697,control
18,P18_10,10,0,2,2,16.38393729820518,sharer
19,P19_1,29,1,8,10,5.488280908404831,control
19,P19_2,0,1,5,4,4.680932720857323,sharer
19,P19_3,46,1,6,6,8.597968975868506,sharer
19,P19_4,46,0,3,3,15.099905917453976,sharer
19,P19_5,16,1,7,6,4.963875159255379,control
19,P19_6,32,1,7,6,7.100233134117286,control
19,P19_7,48,1,8,8,12.610701002387234,control
19,P19_8,11,1,5,6,7.303487708572609,sharer
19,P19_9,32,1,6,10,14.386662504337853,control
19,P19_10,6,1,5,7,4.961751466245454,control
20,P20_1,40,1,7,5,7.178861100195217,sharer
20,P20_2,19,0,2,4,17.133308127323154,sharer
20,P20_3,40,0,4,6,3.310703819467429,control
20,P20_4,32,1,6,6,6.6217835828218305,sharer
20,P20_5,38,0,6,5,11.307931047829472,control
20,P20_6,12,1,5,5,10.6516133298386,sharer
20,P20_7,9,0,3,2,10.737471258109334,sharer
20,P20_8,23,1,8,7,11.884085044677477,control
20,P20_9,48,1,6,7,5.179874577707911,sharer
20,P20_10,10,1,5,5,9.477244021382132,sharer
21,P21_1,34,1,9,8,14.120876957908258,control
21,P21_2,49,0,6,4,11.738134691833595,control
21,P21_3,33,1,7,9,13.35386745435551,control
21,P21_4,0,0,3,2,12.16983482249269,sharer
21,P21_5,38,0,3,4,14.491832310473733,sharer
21,P21_6,20,1,8,4,4.993839100794315,control
21,P21_7,31,0,5,5,3.915940764559785,control
21,P21_8,1,1,5,5,16.359378087827817,sharer
21,P21_9,7,0,3,3,15.60774381854492,control
21,P21_10,23,1,8,10,8.987691791351711,control
22,P22_1,19,0,3,2,15.530126722384038,control
22,P22_2,15,0,3,4,16.562455888671867,sharer
22,P22_3,3,1,6,5,6.493960132334179,sharer
22,P22_4,15,0,2,3,9.96752639249079,control
22,P22_5,36,0,3,4,7.149456576260771,sharer
22,P22_6,5,1,6,7,6.6498898309756775,control
22,P22_7,5,1,4,6,12.96689736158411,sharer
22,P22_8,46,1,7,8,12.052458832766035,control
22,P22_9,31,1,6,7,11.689800530911961,control
22,P22_10,4,0,2,2,19.127512153028416,control
23,P23_1,48,1,8,6,15.048094064038835,sharer
23,P23_2,34,1,7,8,14.170027814170115,control
23,P23_3,49,1,6,8,8.987126451299893,control
23,P23_4,8,1,7,6,5.157153441570287,control
23,P23_5,8,0,2,4,12.064166794243842,control
23,P23_6,42,0,6,4,12.865105363898627,control
23,P23_7,30,0,3,3,9.467613166962494,sharer
23,P23_8,35,1,8,8,2.500598517526718,control
23,P23_9,10,0,3,4,19.48441556120452,control
23,P23_10,16,0,3,4,13.590714359468281,sharer
24,P24_1,33,1,6,6,4.8141160793617495,sharer
24,P24_2,38,0,4,5,10.311815723599963,sharer
24,P24_3,27,0,3,3,3.5303997663389626,sharer
24,P24_4,13,1,5,6,7.622187449677802,sharer
24,P24_5,34,0,4,4,16.824635115041666,sharer
24,P24_6,48,1,7,7,12.391689064116646,sharer
24,P24_7,46,0,3,5,14.030397329253052,sharer
24,P24_8,44,0,4,5,11.774400680115274,control
24,P24_9,12,1,5,6,7.644770965774204,sharer
24,P24_10,45,0,4,5,6.441461204360131,control
25,P25_1,19,1,6,8,15.417606921300077,control
25,P25_2,25,1,6,9,10.57363962716089,control
25,P25_3,42,1,5,6,7.357770207662805,sharer
25,P25_4,41,1,6,6,10.027512378425948,sharer
25,P25_5,23,0,5,4,7.67913177687562,control
25,P25_6,28,0,5,5,10.382636507875421,control
25,P25_7,33,1,6,6,12.676380058398273,sharer
25,P25_8,28,0,6,4,6.017091489521295,control
25,P25_9,7,0,3,4,19.50707533593171,sharer
25,P25_10,15,0,4,3,6.984711361755231,control
26,P26_1,14,0,3,4,8.356550475849632,control
26,P26_2,4,1,6,6,11.900141371432063,sharer
26,P26_3,21,0,5,4,6.025923618720212,sharer
26,P26_4,1,1,8,6,16.868526463513426,control
26,P26_5,37,0,4,3,13.71323053792401,sharer
26,P26_6,35,0,5,4,13.465073916066796,control
26,P26_7,14,1,6,5,3.0434232634334757,sharer
26,P26_8,37,1,7,7,1.0,control
26,P26_9,14,1,7,6,6.870878564778372,sharer
26,P26_10,0,1,6,7,7.062227605705955,control
27,P27_1,4,0,3,2,12.061713091426803,sharer
27,P27_2,45,1,9,9,8.13963667514986,control
27,P27_3,40,1,8,7,13.106338501722963,control
27,P27_4,3,0,3,3,12.083295236091248,sharer
27,P27_5,14,0,3,2,15.210466464795456,control
27,P27_6,4,1,6,7,15.37739742543707,control
27,P27_7,2,1,6,7,17.439025300038523,sharer
27,P27_8,21,1,5,6,14.742941301884805,sharer
27,P27_9,4,1,4,6,13.837467398597546,sharer
27,P27_10,32,1,7,7,1.0,sharer
28,P28_1,15,1,5,6,13.379864092726148,control
28,P28_2,17,1,4,4,5.694799631265159,sharer
28,P28_3,42,0,5,5,11.594185794756276,control
28,P28_4,31,1,7,6,9.65795805124339,sharer
28,P28_5,13,1,4,4,8.98524900868568,sharer
28,P28_6,34,0,4,4,15.472824198730748,sharer
28,P28_7,8,0,2,5,5.7235258470941055,control
28,P28_8,46,1,6,6,2.601193200763482,sharer
28,P28_9,36,1,6,7,8.97930926566319,sharer
28,P28_10,36,1,7,7,8.868040498451016,sharer
29,P29_1,30,1,6,7,11.149254398908877,sharer
29,P29_2,15,0,3,5,16.692893338766545,control
29,P29_3,50,1,5,6,11.99075202567081,sharer
29,P29_4,30,1,10,10,7.152073198034966,control
29,P29_5,26,0,4,6,8.393293593868313,control
29,P29_6,12,0,4,3,10.140840841405401,control
29,P29_7,6,1,6,7,8.891590278429522,control
29,P29_8,6,1,4,6,3.538542597077149,sharer
29,P29_9,42,0,5,3,16.792075809081894,sharer
29,P29_10,27,1,9,9,8.73957346573084,control
30,P30_1,22,0,5,3,3.2133761537696053,sharer
30,P30_2,27,0,5,6,13.110316021729872,control
30,P30_3,26,1,7,7,10.012416981600724,sharer
30,P30_4,29,0,4,5,12.182575025564436,sharer
30,P30_5,46,0,4,4,5.819268414249185,sharer
30,P30_6,3,0,2,3,13.257433545960186,sharer
30,P30_7,43,1,8,9,1.045077735025389,control
30,P30_8,41,1,9,8,5.124701122895562,control
30,P30_9,41,0,5,4,12.1683177721766,sharer
30,P30_10,6,1,8,8,6.546273247062624,control
31,P31_1,3,0,3,3,6.461555334849649,control
31,P31_2,25,0,4,3,8.231703515382767,sharer
31,P31_3,46,1,7,7,13.576292065114718,control
31,P31_4,21,1,6,6,3.291494533160523,sharer
31,P31_5,6,1,7,6,15.367920171382256,control
31,P31_6,15,0,4,2,16.043208954696162,sharer
31,P31_7,12,0,4,3,13.77681067022666,control
31,P31_8,12,0,5,4,18.65272229655114,control
31,P31_9,34,1,6,6,12.179011271903914,sharer
31,P31_10,28,1,7,6,3.930185852931575,sharer
32,P32_1,8,0,4,3,17.646116469222417,sharer
32,P32_2,27,1,9,8,10.790470804569114,control
32,P32_3,11,1,5,7,16.353937527016804,control
32,P32_4,17,1,7,8,10.01395590879465,control
32,P32_5,29,1,6,7,9.876871026329333,sharer
32,P32_6,15,0,2,3,16.782982888922326,control
32,P32_7,4,1,6,6,4.788424045469905,sharer
32,P32_8,28,0,5,5,9.665147601124026,control
32,P32_9,35,0,4,6,8.441042937253822,control
32,P32_10,6,0,4,2,10.723739421466885,control
33,P33_1,3,1,6,5,11.789891512596066,sharer
33,P33_2,41,1,7,9,12.462323408941051,control
33,P33_3,34,0,5,4,12.906811163567227,control
33,P33_4,0,1,4,7,13.467967797774861,control
33,P33_5,5,0,3,2,17.690212941357807,control
33,P33_6,48,1,7,9,13.182376130644933,control
33,P33_7,15,0,2,3,13.252402695799498,sharer
33,P33_8,10,1,6,7,9.30840952909849,control
33,P33_9,26,1,5,6,4.823970490769335,sharer
33,P33_10,31,1,8,8,8.906047633216133,control
34,P34_1,30,1,9,7,1.0,control
34,P34_2,13,1,4,5,13.583805416052545,sharer
34,P34_3,25,0,3,4,6.8614338174154454,sharer
34,P34_4,3,0,3,3,14.40399613963125,sharer
34,P34_5,10,1,5,6,5.786467842003363,sharer
34,P34_6,24,0,6,6,14.976384536432619,control
34,P34_7,0,1,6,4,13.397039930427827,control
34,P34_8,24,0,4,3,15.422038451986385,sharer
34,P34_9,16,0,3,2,10.842528008665749,sharer
34,P34_10,50,1,7,6,11.707577606001536,control
35,P35_1,50,1,6,6,10.023013520541909,sharer
35,P35_2,29,1,6,7,10.752734430760768,sharer
35,P35_3,18,0,4,3,19.360874736621803,sharer
35,P35_4,27,0,3,6,5.332444591628187,control
35,P35_5,44,0,4,3,6.727319474511889,sharer
35,P35_6,46,0,6,6,5.6313432009940065,control
35,P35_7,50,1,6,9,8.382947677476968,control
35,P35_8,35,1,7,6,3.676712880942053,sharer
35,P35_9,42,0,3,3,9.901002195413035,sharer
35,P35_10,45,0,4,5,15.48906690815573,control
36,P36_1,31,0,6,5,12.25341780540284,control
36,P36_2,9,0,2,3,11.680369603493244,sharer
36,P36_3,12,1,8,6,4.071257665150799,control
36,P36_4,18,1,6,6,4.491628205759226,sharer
36,P36_5,13,1,7,6,10.935996907113797,sharer
36,P36_6,3,1,5,4,5.601428543043472,sharer
36,P36_7,37,0,4,5,17.10380063692309,control
36,P36_8,47,1,8,7,4.015570691907076,control
36,P36_9,34,0,4,4,12.202960712901039,control
36,P36_10,3,1,8,7,3.0775831605748554,control
37,P37_1,47,1,8,7,6.63542506142305,control
37,P37_2,20,1,5,8,11.346241856783683,control
37,P37_3,3,0,3,3,10.677777755852428,sharer
37,P37_4,3,1,5,7,3.721763556578755,sharer
37,P37_5,37,0,4,5,9.162289472663769,sharer
37,P37_6,30,1,8,8,3.515470523728815,control
37,P37_7,32,1,7,7,5.173530737590305,sharer
37,P37_8,33,0,3,3,11.103619562628852,sharer
37,P37_9,10,1,5,5,14.898215685586285,control
37,P37_10,3,0,4,5,15.91961473171544,control
38,P38_1,32,1,7,7,4.000140196142232,sharer
38,P38_2,5,1,7,7,10.976993756066179,control
38,P38_3,11,0,4,3,6.03264345561867,sharer
38,P38_4,4,1,6,6,1.8797037467035511,control
38,P38_5,38,1,8,7,2.719447557671513,sharer
38,P38_6,4,0,4,5,13.089289794957836,control
38,P38_7,43,0,3,5,12.428741802659626,sharer
38,P38_8,15,1,6,5,16.375288790884664,sharer
38,P38_9,25,0,6,6,16.04882165414342,control
38,P38_10,7,0,4,5,6.257263714440167,control
39,P39_1,36,0,5,5,7.852846485967494,control
39,P39_2,15,0,3,3,10.625448225574132,sharer
39,P39_3,37,1,5,7,5.8325953125617875,sharer
39,P39_4,38,0,5,7,8.846686872539243,control
39,P39_5,2,0,2,3,12.256402364422861,sharer
39,P39_6,39,0,6,5,13.885256210445263,control
39,P39_7,5,0,2,3,16.746638905180035,control
39,P39_8,26,0,7,4,10.397102412687978,control
39,P39_9,42,0,6,4,8.190044277741736,control
39,P39_10,37,0,5,5,4.104052617294312,control
40,P40_1,36,1,8,10,5.732070973023443,control
40,P40_2,33,0,4,3,16.369021555677385,sharer
40,P40_3,20,0,4,4,15.476745988987867,control
40,P40_4,16,1,6,6,8.222414348983877,sharer
40,P40_5,13,0,3,3,15.044930695944627,control
40,P40_6,42,0,4,4,3.131312530375238,sharer
40,P40_7,45,1,9,8,9.483482262930933,control
40,P40_8,20,0,2,2,12.59357144383322,sharer
40,P40_9,15,0,3,3,10.099488416353106,sharer
40,P40_10,16,0,2,4,8.865400799674507,control
41,P41_1,25,0,5,6,6.784862584419127,control
41,P41_2,8,0,2,2,16.633982076367186,sharer
41,P41_3,42,1,7,7,12.762650494896445,sharer
41,P41_4,41,0,5,4,8.769744599245847,sharer
41,P41_5,19,1,6,6,13.87485048445321,control
41,P41_6,29,0,4,4,10.745178760709477,control
41,P41_7,20,0,2,3,8.522920578952402,sharer
41,P41_8,48,1,8,7,4.569083089961729,control
41,P41_9,4,0,4,3,5.09935514229285,sharer
41,P41_10,0,0,4,4,17.720158936339473,sharer
42,P42_1,29,1,7,8,13.90008466868308,control
42,P42_2,39,0,4,5,4.0443804094991584,sharer
42,P42_3,36,0,4,4,16.665265596647487,control
42,P42_4,6,1,7,6,2.9247834200145846,control
42,P42_5,4,1,4,6,3.890232995169482,sharer
42,P42_6,34,1,7,7,6.486167797349815,control
42,P42_7,13,0,5,4,17.212859962120994,control
42,P42_8,32,1,9,9,8.710541212646445,control
42,P42_9,16,0,3,2,18.399056142127876,control
42,P42_10,8,0,3,3,9.735908707827285,sharer
43,P43_1,22,1,6,5,12.872902558279934,sharer
43,P43_2,4,1,5,7,5.276505067192022,control
43,P43_3,15,0,2,3,10.266357347447638,sharer
43,P43_4,23,0,5,4,10.694060080333044,sharer
43,P43_5,18,1,5,5,10.499852840231837,sharer
43,P43_6,10,1,6,5,15.491783130898686,sharer
43,P43_7,28,1,6,7,5.963472856150052,sharer
43,P43_8,34,0,6,5,15.819586101916702,control
43,P43_9,45,1,6,6,2.541037747816133,sharer
43,P43_10,19,1,7,6,4.325654908300608,control
44,P44_1,39,0,5,5,18.771583437465896,control
44,P44_2,41,0,7,5,7.187515917780948,control
44,P44_3,33,1,8,8,1.0,control
44,P44_4,0,0,4,2,19.22729198235529,control
44,P44_5,42,0,4,5,9.97819656445677,sharer
44,P44_6,35,0,5,5,17.454739230303495,control
44,P44_7,19,1,4,5,3.819176188541209,sharer
44,P44_8,42,1,7,8,6.919608366375991,control
44,P44_9,6,1,6,8,10.348970203214542,control
44,P44_10,8,1,6,7,12.531442523012831,control
45,P45_1,16,1,6,6,14.455655821263509,sharer
45,P45_2,7,1,6,6,6.759082307028529,control
45,P45_3,6,0,2,3,11.791508488968104,sharer
45,P45_4,47,0,5,5,8.765394076101899,control
45,P45_5,35,0,6,4,5.695194076199619,control
45,P45_6,9,1,4,5,8.560851244228195,sharer
45,P45_7,17,1,8,4,3.670339301987652,control
45,P45_8,18,0,3,4,7.724056079111131,control
45,P45_9,38,1,7,7,5.7999717030720275,sharer
45,P45_10,13,1,6,5,13.612947423899833,sharer
46,P46_1,45,1,6,7,13.591320355937377,sharer
46,P46_2,21,1,6,6,1.0,sharer
46,P46_3,13,1,6,5,5.264837169523585,sharer
46,P46_4,43,0,4,3,14.19006571251831,sharer
46,P46_5,40,1,7,8,12.109879840232276,control
46,P46_6,16,1,6,7,11.20331203166047,control
46,P46_7,32,1,6,7,10.472551418590776,control
46,P46_8,31,1,9,8,4.595578386239982,control
46,P46_9,16,1,5,6,10.112173816178764,sharer
46,P46_10,3,0,4,5,14.296019098553355,control
47,P47_1,5,1,4,6,6.172311947048245,sharer
47,P47_2,40,0,3,4,14.666402377115258,sharer
47,P47_3,27,0,4,4,13.526087852218836,control
47,P47_4,17,0,2,2,7.8742496034600125,control
47,P47_5,2,0,2,4,10.828982292628428,control
47,P47_6,0,1,4,5,10.418823292086497,sharer
47,P47_7,21,0,3,5,12.900122141607422,sharer
47,P47_8,49,1,6,7,10.505620796795817,sharer
47,P47_9,8,0,4,5,6.169030622907371,control
47,P47_10,40,0,3,4,5.132137915679774,sharer
48,P48_1,16,1,6,5,15.720333415809572,sharer
48,P48_2,10,0,4,4,15.117388456171815,control
48,P48_3,47,1,9,8,1.352318927206766,control
48,P48_4,28,1,8,8,8.779631712486962,sharer
48,P48_5,35,1,7,9,6.905537777466274,control
48,P48_6,45,0,3,5,4.231399060513619,control
48,P48_7,27,1,10,8,3.937558799399148,control
48,P48_8,35,1,6,5,6.525691516598421,sharer
48,P48_9,0,1,5,5,5.296492857248966,sharer
48,P48_10,7,0,3,5,15.542718422736874,control
49,P49_1,4,0,4,2,14.633819345428785,control
49,P49_2,44,0,4,6,9.054412368545684,control
49,P49_3,9,1,6,5,15.458333944618019,sharer
49,P49_4,34,0,5,5,12.459539842448493,sharer
49,P49_5,2,0,2,3,9.902474414825619,sharer
49,P49_6,23,1,9,7,9.734976889221727,control
49,P49_7,37,1,7,6,5.077235638291715,sharer
49,P49_8,35,0,4,5,10.071176163831682,sharer
49,P49_9,9,1,6,8,10.003585271886468,control
49,P49_10,27,0,4,4,5.306968587895755,sharer
50,P50_1,8,1,5,7,12.902051274418566,control
50,P50_2,2,0,4,4,11.6069513609496,control
50,P50_3,19,1,7,6,13.108759532738986,control
50,P50_4,23,0,5,5,12.739666461001924,control
50,P50_5,50,0,5,6,7.096744780800584,control
50,P50_6,2,1,6,7,12.27072297481578,control
50,P50_7,22,1,6,6,5.745133982364127,sharer
50,P50_8,13,1,4,5,15.851683962500442,sharer
50,P50_9,43,1,8,6,1.4259474473046518,sharer
50,P50_10,15,0,5,3,13.956596128444446,control
51,P51_1,42,0,4,4,18.42236577998854,control
51,P51_2,6,0,5,3,12.348992682255783,control
51,P51_3,22,1,8,5,10.148662113179439,sharer
51,P51_4,49,0,4,4,17.1010441754944,sharer
51,P51_5,35,0,3,4,8.851263261830546,sharer
51,P51_6,26,0,4,5,13.444919693994114,sharer
51,P51_7,39,0,3,4,9.575476378580918,sharer
51,P51_8,47,0,5,4,4.252519193026952,sharer
51,P51_9,9,1,5,6,14.234654132591887,sharer
51,P51_10,15,1,5,7,13.500561925185101,control
52,P52_1,10,1,5,4,16.102221066825578,sharer
52,P52_2,11,1,7,6,13.81200242591984,control
52,P52_3,26,0,4,7,12.061476197381124,control
52,P52_4,1,1,6,4,2.499854982738908,control
52,P52_5,11,1,6,7,5.432074415649636,control
52,P52_6,47,1,6,6,15.67799357777989,sharer
52,P52_7,21,0,3,5,8.85572823205475,sharer
52,P52_8,50,0,5,4,14.202818959963313,sharer
52,P52_9,26,0,4,5,11.17079166571235,sharer
52,P52_10,42,0,4,4,10.362063060460583,control
53,P53_1,47,0,4,5,2.6635897104957946,sharer
53,P53_2,15,0,3,3,18.265963640572963,control
53,P53_3,17,1,7,7,4.11739310847963,control
53,P53_4,10,1,7,6,12.331979835167594,control
53,P53_5,50,1,8,10,8.354692528158271,control
53,P53_6,44,1,10,6,5.120680228175335,control
53,P53_7,6,1,7,6,12.38504171268495,control
53,P53_8,24,1,7,7,1.0,control
53,P53_9,2,1,8,6,7.0433720081289755,control
53,P53_10,30,0,3,5,18.3820926630906,sharer
54,P54_1,14,0,3,3,17.111818455802336,sharer
54,P54_2,12,1,6,5,5.369356935278513,sharer
54,P54_3,29,1,6,5,13.482147315539905,sharer
54,P54_4,22,0,4,3,3.8242592004252876,sharer
54,P54_5,19,1,4,4,16.584178487142168,sharer
54,P54_6,50,1,8,9,9.06663696513467,control
54,P54_7,14,1,7,5,13.434996129131065,sharer
54,P54_8,14,0,2,4,9.938127904428473,sharer
54,P54_9,1,0,3,2,8.135764704501675,sharer
54,P54_10,42,1,6,7,13.828489627562433,sharer
55,P55_1,12,0,3,5,8.894900589293751,control
55,P55_2,25,0,5,5,16.448211034253102,control
55,P55_3,21,0,4,5,16.867844344213044,sharer
55,P55_4,17,1,6,6,13.720372310064075,control
55,P55_5,4,0,3,2,10.244750666664782,sharer
55,P55_6,49,0,6,4,13.47360253633754,control
55,P55_7,17,1,4,5,13.71339036258441,sharer
55,P55_8,22,1,6,8,12.564965516315294,sharer
55,P55_9,41,1,6,7,7.8722843240401525,sharer
55,P55_10,32,0,4,4,13.018169085395009,sharer
56,P56_1,25,0,4,6,14.255263687980076,control
56,P56_2,43,1,6,8,9.022776983940382,control
56,P56_3,34,1,7,7,4.279093255844669,sharer
56,P56_4,21,0,4,4,3.54893615556498,control
56,P56_5,1,0,4,5,7.3111666579036045,control
56,P56_6,7,1,5,5,14.569223613372603,sharer
56,P56_7,16,0,2,4,12.74219930284291,sharer
56,P56_8,11,1,8,6,3.316616079824465,control
56,P56_9,37,0,4,3,14.943488611445083,sharer
56,P56_10,16,1,4,8,12.905619173518872,control
57,P57_1,2,0,3,3,9.298510656876438,control
57,P57_2,6,1,5,5,12.837939841555425,sharer
57,P57_3,38,0,5,4,4.993525190767252,sharer
57,P57_4,27,1,7,6,8.768772557775877,sharer
57,P57_5,22,0,5,3,8.34463940273788,sharer
57,P57_6,46,1,7,7,10.068609616075669,sharer
57,P57_7,50,1,6,6,11.240939891167702,sharer
57,P57_8,20,1,8,7,8.26678639830298,control
57,P57_9,27,1,7,7,2.8979824913944503,control
57,P57_10,38,1,7,8,12.108591248942314,control
58,P58_1,32,0,4,5,3.88278793587968,control
58,P58_2,7,1,5,4,4.968828052137377,sharer
58,P58_3,24,0,5,4,17.314812079504108,sharer
58,P58_4,36,1,6,7,12.666552134860877,sharer
58,P58_5,12,0,3,3,11.08690545740809,control
58,P58_6,16,1,6,5,10.656102994455551,sharer
58,P58_7,2,1,5,6,3.4640723266344833,control
58,P58_8,45,0,6,6,9.900296766888381,control
58,P58_9,27,1,7,8,2.828790940187499,sharer
58,P58_10,0,0,5,4,14.172361342581546,control
59,P59_1,33,0,5,6,14.851778658527994,control
59,P59_2,34,1,6,8,15.367645355179404,control
59,P59_3,43,1,7,6,7.5291372174054585,sharer
59,P59_4,46,0,4,4,15.794256888475832,control
59,P59_5,47,1,8,10,9.80729497737202,control
59,P59_6,47,1,7,7,8.859040659574585,sharer
59,P59_7,42,1,6,5,11.034841733594373,sharer
59,P59_8,12,0,3,2,13.704031722418916,sharer
59,P59_9,23,1,9,7,10.404904034970901,control
59,P59_10,27,0,4,4,12.09179469837186,sharer
60,P60_1,4,0,4,4,14.195586709615693,control
60,P60_2,42,0,5,4,3.0138203990861996,sharer
60,P60_3,21,0,4,4,17.276305393335367,control
60,P60_4,39,1,7,6,12.03553473576638,sharer
60,P60_5,20,1,5,3,8.703877178445122,sharer
60,P60_6,42,0,3,4,6.920613642920911,sharer
60,P60_7,7,0,4,3,14.887334605304877,sharer
60,P60_8,46,0,3,3,14.683137869742469,sharer
60,P60_9,19,0,2,5,19.51018450540344,control
60,P60_10,32,1,9,9,13.463312786382556,control
61,P61_1,19,0,3,4,5.81488679821727,sharer
61,P61_2,42,0,3,5,3.835315473539418,sharer
61,P61_3,26,0,5,5,6.979669372787416,sharer
61,P61_4,20,0,3,3,9.331883332940473,sharer
61,P61_5,25,0,6,5,8.540600728921715,control
61,P61_6,44,1,8,8,13.607720214859894,control
61,P61_7,18,1,5,5,11.588372214485052,sharer
61,P61_8,35,1,6,6,15.830741843786505,sharer
61,P61_9,8,1,7,5,12.639965393137729,control
61,P61_10,12,1,4,6,16.165924199787803,sharer
62,P62_1,26,0,6,4,11.774475088838274,control
62,P62_2,42,1,8,7,1.0,control
62,P62_3,24,0,5,4,12.452225434781711,sharer
62,P62_4,43,1,7,6,4.244410727942873,control
62,P62_5,47,1,7,7,9.936577085504574,control
62,P62_6,11,1,5,5,4.018655320831712,sharer
62,P62_7,39,1,6,7,1.7023921725342381,sharer
62,P62_8,36,0,4,5,9.547540083304805,sharer
62,P62_9,19,1,4,5,8.523950809075256,sharer
62,P62_10,25,0,4,5,7.007564099951744,sharer
63,P63_1,35,1,6,6,12.170274069921703,sharer
63,P63_2,0,1,6,5,6.1053700128176205,sharer
63,P63_3,19,1,5,5,9.51902702890623,sharer
63,P63_4,18,0,5,3,10.831513002104233,control
63,P63_5,13,0,4,3,12.495262272723767,sharer
63,P63_6,27,1,9,9,15.39981853773996,control
63,P63_7,50,1,8,7,13.14832439816963,control
63,P63_8,37,0,5,3,16.31011033437558,control
63,P63_9,38,0,3,4,16.347483480488368,sharer
63,P63_10,41,1,6,5,12.356112648030972,sharer
64,P64_1,20,1,5,6,7.938359562969693,sharer
64,P64_2,29,0,3,5,7.072033786937053,sharer
64,P64_3,28,1,6,6,2.4513689868029385,sharer
64,P64_4,28,0,5,3,6.3518569311173945,sharer
64,P64_5,43,1,7,6,9.03530069797449,sharer
64,P64_6,13,1,5,7,5.396262442405099,control
64,P64_7,32,0,6,5,4.482746164491285,control
64,P64_8,30,0,5,3,17.073590751221243,sharer
64,P64_9,50,1,9,7,7.169538678455231,control
64,P64_10,50,0,5,4,5.668007764831262,sharer
65,P65_1,47,1,5,6,10.727356836389657,sharer
65,P65_2,10,0,2,4,6.062892477409449,control
65,P65_3,42,0,3,4,10.899681122885752,sharer
65,P65_4,5,0,2,2,8.41673095875205,sharer
65,P65_5,18,0,2,3,7.999337469287109,sharer
65,P65_6,32,1,9,6,9.597083375882598,control
65,P65_7,42,1,6,5,7.092445049774754,sharer
65,P65_8,40,0,4,4,15.091517497409477,sharer
65,P65_9,39,1,7,8,13.399868811553379,sharer
65,P65_10,21,1,5,6,6.751433587898384,sharer
66,P66_1,5,1,7,6,16.617872420887608,sharer
66,P66_2,48,1,10,8,6.9532417984847,control
66,P66_3,15,1,5,7,12.680586221703987,control
66,P66_4,43,1,8,9,1.0,control
66,P66_5,19,0,3,2,15.547023349109333,sharer
66,P66_6,14,1,5,5,11.147554299407,sharer
66,P66_7,12,0,3,4,12.963804904302304,control
66,P66_8,9,1,6,7,13.056531903267269,control
66,P66_9,1,0,4,4,10.035420142385451,control
66,P66_10,2,1,8,6,15.884151722405946,control
67,P67_1,15,1,5,4,7.3749785215432695,sharer
67,P67_2,30,1,7,6,4.143497789514114,sharer
67,P67_3,39,0,6,6,7.961098996820929,control
67,P67_4,49,1,5,7,6.046929644712987,sharer
67,P67_5,4,0,3,2,15.099597194645401,sharer
67,P67_6,29,0,5,7,17.072337410033295,control
67,P67_7,26,1,7,6,15.741286098315303,control
67,P67_8,40,1,8,6,7.2572754492400975,sharer
67,P67_9,36,1,8,7,11.784433074362017,control
67,P67_10,12,0,3,4,12.952493448768688,control
68,P68_1,45,0,6,5,10.930239502037306,control
68,P68_2,44,1,7,6,5.431850561579829,sharer
68,P68_3,24,1,6,5,1.0539295349251763,sharer
68,P68_4,31,1,7,6,5.317117393417865,sharer
68,P68_5,25,0,6,6,4.285314019886715,control
68,P68_6,15,0,5,5,7.340799011769998,control
68,P68_7,9,1,7,5,8.819180558544065,sharer
68,P68_8,41,1,8,7,15.229267219669154,sharer
68,P68_9,44,0,5,3,12.93508106904213,control
68,P68_10,0,1,6,5,6.842629361012702,control
69,P69_1,48,1,7,8,2.7927610993848297,sharer
69,P69_2,49,0,4,4,10.878221644871985,sharer
69,P69_3,6,0,3,3,10.791689273658896,sharer
69,P69_4,49,1,7,8,5.358670306204087,control
69,P69_5,27,1,9,7,11.80434391543796,control
69,P69_6,14,0,3,5,12.879515698548966,control
69,P69_7,11,0,3,5,13.860183368188968,control
69,P69_8,44,0,4,3,12.657850066540115,control
69,P69_9,33,0,4,5,6.007692185831296,sharer
69,P69_10,29,0,5,4,12.329083371944991,sharer
70,P70_1,3,1,8,6,7.254187271243132,control
70,P70_2,35,0,5,4,6.6336994330554315,sharer
70,P70_3,15,0,3,3,19.559379898018186,sharer
70,P70_4,7,1,5,4,8.835462909426818,sharer
70,P70_5,29,0,7,5,9.07895887167896,control
70,P70_6,8,1,7,5,9.809882861594993,control
70,P70_7,29,0,4,5,17.049452330672224,control
70,P70_8,42,0,3,3,13.086177428523358,sharer
70,P70_9,33,0,4,3,15.278988256289171,sharer
70,P70_10,35,0,4,5,8.711604994562968,control
71,P71_1,38,1,7,6,13.689534448033093,sharer
71,P71_2,20,0,4,5,17.691046245257816,control
71,P71_3,48,1,6,6,13.109153117602055,sharer
71,P71_4,28,1,8,7,5.199925273900158,control
71,P71_5,39,0,3,3,13.993981539271426,sharer
71,P71_6,46,1,9,7,12.411260095683241,control
71,P71_7,32,1,6,6,8.18535639798987,sharer
71,P71_8,27,1,9,7,3.549749749782169,control
71,P71_9,35,0,5,6,15.5753579641141,control
71,P71_10,28,0,5,5,11.589034180727976,sharer
72,P72_1,10,1,6,5,12.177646667247814,sharer
72,P72_2,47,1,9,8,2.078900370227056,control
72,P72_3,30,0,5,6,7.722572045994427,control
72,P72_4,28,1,6,6,10.688393235873784,sharer
72,P72_5,16,1,8,6,7.395685808506768,control
72,P72_6,48,1,8,7,13.692587449301582,sharer
72,P72_7,15,1,6,5,7.439307608893391,sharer
72,P72_8,40,1,9,6,4.918182486268794,control
72,P72_9,17,1,7,8,12.88761400014994,control
72,P72_10,49,0,5,4,12.97732612110451,sharer
73,P73_1,49,0,4,5,3.9480448923344236,control
73,P73_2,33,0,4,5,16.096495652632147,control
73,P73_3,31,1,8,8,4.287084299492971,control
73,P73_4,40,0,4,5,10.490863366661513,control
73,P73_5,15,1,5,5,16.960442444883117,sharer
73,P73_6,17,1,7,7,1.980951844802556,control
73,P73_7,28,0,5,3,8.932194492210147,sharer
73,P73_8,4,0,3,3,13.306758480374606,sharer
73,P73_9,45,1,6,6,8.554073632660225,sharer
73,P73_10,18,0,3,2,5.921359586881136,sharer
74,P74_1,15,0,4,2,10.496151411780355,control
74,P74_2,17,1,6,5,13.621613924800283,sharer
74,P74_3,21,1,8,8,1.0,control
74,P74_4,20,0,2,3,13.076252191452328,control
74,P74_5,34,1,5,6,7.6632623923819425,sharer
74,P74_6,5,0,3,2,6.465885096228856,sharer
74,P74_7,8,0,3,4,8.08862473845118,control
74,P74_8,9,1,5,6,11.071957820811189,sharer
74,P74_9,14,1,5,8,17.183448748532932,control
74,P74_10,24,0,5,5,10.686928271103609,control
75,P75_1,44,1,7,6,9.662519334248904,sharer
75,P75_2,9,0,4,3,9.498635318082997,sharer
75,P75_3,45,1,8,8,5.61590538994198,control
75,P75_4,13,1,7,6,8.611848482934395,control
75,P75_5,4,0,3,4,17.13400218051921,control
75,P75_6,26,1,7,7,14.125375921968999,sharer
75,P75_7,26,0,6,6,8.886048960482192,control
75,P75_8,21,1,8,7,5.778000946251561,control
75,P75_9,34,0,5,3,9.469424041534719,sharer
75,P75_10,29,0,4,3,3.335715789526567,sharer
76,P76_1,26,1,8,6,10.916935617615437,control
76,P76_2,3,0,4,4,15.075081101517817,sharer
76,P76_3,13,1,8,6,14.455210345942945,control
76,P76_4,26,0,5,4,12.912736758076456,control
76,P76_5,24,0,4,3,11.332651396583767,sharer
76,P76_6,49,0,5,5,14.94575658581229,sharer
76,P76_7,37,1,8,6,5.96720332814467,control
76,P76_8,44,1,6,5,3.924767731327938,sharer
76,P76_9,1,0,4,2,16.09174571881705,sharer
76,P76_10,48,1,7,5,13.186164703883255,sharer
77,P77_1,36,1,9,8,3.0224561832715215,control
77,P77_2,24,0,7,5,7.583651839890271,control
77,P77_3,30,0,5,6,13.506253387391094,control
77,P77_4,0,0,4,3,16.054129497665315,control
77,P77_5,22,1,9,6,7.173062239216432,control
77,P77_6,19,0,4,4,9.901525130859959,control
77,P77_7,48,0,5,6,12.33839434647339,control
77,P77_8,24,1,6,6,4.78564480056442,sharer
77,P77_9,26,0,4,5,8.40773138716288,control
77,P77_10,34,1,6,7,9.9718682742344,control
78,P78_1,47,0,4,4,3.087013244393345,sharer
78,P78_2,47,1,6,6,8.538304917468134,sharer
78,P78_3,34,0,5,3,10.96192484289616,sharer
78,P78_4,38,0,5,5,9.520130798621564,sharer
78,P78_5,14,0,4,3,16.196645441744643,control
78,P78_6,31,1,7,7,2.060746091268798,control
78,P78_7,14,1,4,6,5.366478226309042,sharer
78,P78_8,17,0,3,2,12.033224120721771,sharer
78,P78_9,27,0,6,6,9.116738832224744,control
78,P78_10,31,1,6,6,8.071551681536526,sharer
79,P79_1,1,0,4,3,17.147794259210514,sharer
79,P79_2,24,0,3,4,9.449588623654057,sharer
79,P79_3,21,0,5,3,6.012229875837128,sharer
79,P79_4,42,1,7,5,10.080551424610796,sharer
79,P79_5,43,1,9,7,5.920561186488056,control
79,P79_6,25,0,4,5,9.523416088076623,sharer
79,P79_7,46,1,7,7,3.6612561696653105,control
79,P79_8,10,0,5,3,11.62279531618805,control
79,P79_9,29,1,7,6,8.00205525596596,sharer
79,P79_10,8,0,4,3,17.338576347320327,sharer
80,P80_1,39,0,5,4,5.652247090724373,sharer
80,P80_2,34,1,7,10,4.791064096119533,control
80,P80_3,1,0,3,5,6.591048818488851,control
80,P80_4,25,0,5,4,9.646784227714578,control
80,P80_5,37,1,6,8,4.221443101629027,sharer
80,P80_6,36,1,8,5,12.148305660906297,sharer
80,P80_7,42,0,3,3,7.560177920543014,sharer
80,P80_8,1,1,5,6,8.72767418647434,sharer
80,P80_9,5,1,7,8,12.83131205165926,control
80,P80_10,41,1,5,6,6.555228659688962,sharer
81,P81_1,27,0,5,4,5.768654568702721,control
81,P81_2,8,1,7,6,11.659601837653135,sharer
81,P81_3,29,0,5,4,10.422501066797373,control
81,P81_4,11,1,6,6,6.369058419224714,sharer
81,P81_5,3,0,3,4,12.701217767704147,sharer
81,P81_6,16,0,3,3,11.969847380465483,sharer
81,P81_7,24,1,7,7,5.726972961653886,sharer
81,P81_8,20,0,4,2,11.243773424262777,sharer
81,P81_9,13,0,4,3,15.861420272476764,control
81,P81_10,29,1,8,7,10.533126632821757,control
82,P82_1,20,1,4,5,9.480374609471628,sharer
82,P82_2,21,0,6,5,8.624551155107191,control
82,P82_3,48,1,7,7,9.630739924260865,sharer
82,P82_4,24,1,6,8,9.794072821799224,control
82,P82_5,17,0,5,4,6.2914032080305216,control
82,P82_6,48,0,5,4,8.850626006141724,control
82,P82_7,26,0,4,4,3.7047538664794386,sharer
82,P82_8,16,1,7,7,7.144174934619221,control
82,P82_9,5,0,3,3,13.679919011425921,control
82,P82_10,30,1,9,10,1.0,control
83,P83_1,1,0,3,2,5.285294885412365,control
83,P83_2,47,0,4,4,7.783851581838581,sharer
83,P83_3,34,0,4,4,9.27246262936528,sharer
83,P83_4,3,0,3,3,12.61453917842757,control
83,P83_5,22,1,9,9,14.108356921744182,control
83,P83_6,14,1,6,8,10.845619539392791,control
83,P83_7,41,1,5,6,10.426916115044634,sharer
83,P83_8,4,1,6,6,5.80321007504822,sharer
83,P83_9,49,1,6,6,2.553710326928816,sharer
83,P83_10,41,0,5,5,17.364752541105716,control
84,P84_1,2,0,3,4,17.801122220993292,sharer
84,P84_2,48,1,10,9,1.0,control
84,P84_3,1,1,5,6,14.861199699341732,sharer
84,P84_4,15,0,2,2,8.080793422943254,sharer
84,P84_5,12,1,7,7,11.881464998604208,control
84,P84_6,1,1,4,4,13.348138408624283,sharer
84,P84_7,39,0,6,3,16.17967695718043,control
84,P84_8,9,1,5,5,7.718716590871191,sharer
84,P84_9,15,1,5,7,3.273784474350691,sharer
84,P84_10,8,1,7,5,11.692675861766322,sharer
85,P85_1,30,1,7,6,1.4247850822111325,sharer
85,P85_2,42,1,8,7,8.181606775093215,sharer
85,P85_3,7,1,6,5,15.414880741752988,sharer
85,P85_4,36,0,5,5,11.868257257316198,sharer
85,P85_5,13,1,8,7,10.649149777125047,control
85,P85_6,29,1,8,10,13.393693753249392,control
85,P85_7,44,1,7,8,7.323837807563886,control
85,P85_8,16,1,6,8,6.095159014893676,control
85,P85_9,49,0,6,5,9.729804590848092,control
85,P85_10,23,1,6,7,1.0,sharer
86,P86_1,10,0,4,5,8.50756846558345,control
86,P86_2,38,1,6,6,12.437953386595439,sharer
86,P86_3,38,0,4,6,9.990537958636306,control
86,P86_4,47,1,5,6,1.0396554939576967,sharer
86,P86_5,45,1,8,7,9.325591624405671,sharer
86,P86_6,7,0,3,3,11.865692004120183,sharer
86,P86_7,49,0,5,4,11.871901819690164,sharer
86,P86_8,10,1,5,7,16.60478800561721,control
86,P86_9,19,1,4,4,10.092742962338384,sharer
86,P86_10,6,1,5,4,3.269399563547902,sharer
87,P87_1,37,1,5,5,2.6887295279164594,sharer
87,P87_2,1,1,5,6,6.399981785631335,sharer
87,P87_3,19,0,2,2,14.546903944865186,sharer
87,P87_4,36,1,7,6,1.184709168042125,sharer
87,P87_5,43,1,5,4,10.619379386502672,sharer
87,P87_6,24,1,9,8,7.852472897461259,control
87,P87_7,25,0,5,6,10.47586314449815,control
87,P87_8,45,1,9,8,3.287107147181374,control
87,P87_9,12,1,5,5,16.959617872757104,sharer
87,P87_10,4,1,8,6,3.7946728276580624,control
88,P88_1,37,0,4,5,6.195583092964905,sharer
88,P88_2,44,0,5,3,14.414588250606366,sharer
88,P88_3,40,1,8,5,14.627174253814466,sharer
88,P88_4,15,1,5,6,6.908396482029085,sharer
88,P88_5,6,0,2,4,18.70602647432937,control
88,P88_6,44,0,3,5,11.489488643080241,control
88,P88_7,49,0,4,5,9.123970659992116,control
88,P88_8,19,1,5,8,3.600120759810279,control
88,P88_9,43,0,6,4,14.883538067531715,control
88,P88_10,38,0,4,3,16.467165093663983,control
89,P89_1,7,0,4,4,8.191312020848596,sharer
89,P89_2,50,0,5,3,6.2418143696869475,sharer
89,P89_3,36,1,7,8,10.686543142513138,sharer
89,P89_4,50,1,9,8,13.452065804044446,control
89,P89_5,2,1,7,8,4.997327677114004,control
89,P89_6,22,0,4,4,11.551277655011114,control
89,P89_7,34,0,3,5,12.136883868423256,sharer
89,P89_8,27,1,7,6,13.839492342028635,sharer
89,P89_9,42,1,7,8,2.9949975157265567,control
89,P89_10,23,1,6,7,10.783529003167217,sharer
90,P90_1,4,1,6,3,17.209257961650547,sharer
90,P90_2,32,0,4,3,5.700608758384702,sharer
90,P90_3,41,0,4,6,13.478643659649858,control
90,P90_4,21,1,8,7,2.81393737622775,sharer
90,P90_5,0,1,6,4,7.698997525401232,sharer
90,P90_6,26,1,6,7,5.669548443991642,sharer
90,P90_7,31,1,7,10,7.336213313746574,control
90,P90_8,6,0,3,4,19.36663524148319,control
90,P90_9,27,0,6,4,8.88262399809178,control
90,P90_10,23,0,4,3,15.464006447633919,sharer
91,P91_1,40,0,5,6,16.014275356601164,control
91,P91_2,29,1,7,9,7.573499222575505,control
91,P91_3,45,1,7,7,13.42646077241723,sharer
91,P91_4,9,0,2,2,17.74893969835216,control
91,P91_5,27,1,8,9,6.062392262485552,control
91,P91_6,11,1,6,3,11.72939560865898,sharer
91,P91_7,46,1,9,6,1.0,control
91,P91_8,33,0,3,4,13.224621724697814,sharer
91,P91_9,41,1,6,6,7.59050673252588,sharer
91,P91_10,17,1,7,6,17.264865107883452,control
92,P92_1,39,0,4,6,10.43872721850715,control
92,P92_2,34,0,5,4,3.6423746210294383,control
92,P92_3,49,0,5,5,16.180867052367113,control
92,P92_4,30,0,4,3,15.301674990583036,sharer
92,P92_5,29,1,7,7,6.709530935011737,sharer
92,P92_6,27,0,3,5,2.9914976150682455,sharer
92,P92_7,46,1,5,6,9.081510029399098,sharer
92,P92_8,37,0,4,4,16.36085790866473,control
92,P92_9,17,1,4,4,13.701662994473036,sharer
92,P92_10,20,1,5,4,9.500335564612786,sharer
93,P93_1,15,0,3,4,14.348056750185465,sharer
93,P93_2,5,1,6,5,4.39811754065097,sharer
93,P93_3,17,1,6,7,5.927246949828023,control
93,P93_4,28,0,4,4,16.322188198011425,sharer
93,P93_5,15,0,4,3,6.896877980027641,control
93,P93_6,48,1,8,8,6.976633416927926,control
93,P93_7,29,0,5,4,8.189017629109763,sharer
93,P93_8,36,0,4,4,17.06006718113653,sharer
93,P93_9,39,0,6,5,6.63922477886896,control
93,P93_10,42,0,4,5,9.147185962419597,control
94,P94_1,24,0,4,5,8.34343440634812,control
94,P94_2,21,1,6,5,6.88880493426057,sharer
94,P94_3,1,0,2,2,18.52213771072237,sharer
94,P94_4,31,1,5,6,8.65224304092962,sharer
94,P94_5,20,1,6,8,5.059458173750374,control
94,P94_6,11,1,5,6,3.9817256193705735,sharer
94,P94_7,31,0,4,6,6.336049039089053,control
94,P94_8,13,0,4,3,5.17836080551192,sharer
94,P94_9,22,0,6,6,16.825661024011243,control
94,P94_10,16,1,6,6,10.1762591665001,control
95,P95_1,21,1,6,6,13.791441139944853,sharer
95,P95_2,17,1,5,6,6.265882778776529,sharer
95,P95_3,38,1,6,6,5.869598155025528,sharer
95,P95_4,44,1,8,7,14.27858667167435,control
95,P95_5,17,0,3,4,5.955638721714605,sharer
95,P95_6,35,0,5,5,8.323329510958807,control
95,P95_7,0,1,5,6,5.610864409115187,sharer
95,P95_8,33,0,3,5,8.739620321372936,sharer
95,P95_9,12,1,5,6,2.3834957872578113,sharer
95,P95_10,5,1,7,4,7.469023037272454,sharer
96,P96_1,15,1,5,6,7.328795144525104,sharer
96,P96_2,46,0,5,4,6.641187150197018,control
96,P96_3,26,0,5,4,15.710956440627191,sharer
96,P96_4,31,0,5,5,9.647833532691024,control
96,P96_5,35,1,8,6,12.633576678148064,sharer
96,P96_6,48,0,4,4,9.578906609679711,sharer
96,P96_7,15,0,4,2,18.283127271071777,control
96,P96_8,44,0,4,6,10.612987637024558,control
96,P96_9,30,1,8,7,5.872686960404754,sharer
96,P96_10,41,0,4,4,5.832848185315707,control
97,P97_1,45,0,4,4,9.079316408692947,sharer
97,P97_2,31,1,7,9,1.697331509516717,control
97,P97_3,28,0,4,4,6.973151187765655,sharer
97,P97_4,50,1,5,6,12.743395552595192,sharer
97,P97_5,1,1,6,5,9.714901250745907,sharer
97,P97_6,5,0,4,4,14.900606114083143,control
97,P97_7,18,1,6,6,8.905009204536679,control
97,P97_8,14,0,2,2,18.631345768109746,sharer
97,P97_9,25,1,5,6,1.0,sharer
97,P97_10,44,0,4,4,13.228923781599295,sharer
98,P98_1,15,1,5,5,11.51433970678733,sharer
98,P98_2,19,0,3,2,9.85051741901281,control
98,P98_3,42,0,3,4,2.8637972713085267,sharer
98,P98_4,37,0,5,5,3.123993879647781,control
98,P98_5,23,0,4,6,13.549556506423688,sharer
98,P98_6,30,1,8,6,4.665545467330498,control
98,P98_7,35,0,5,4,18.635025371285128,sharer
98,P98_8,33,0,5,4,10.256133859098831,sharer
98,P98_9,22,0,3,3,14.527119725474712,control
98,P98_10,27,0,3,3,5.311836355992285,sharer
99,P99_1,47,1,7,5,9.551020762270394,sharer
99,P99_2,35,0,3,5,9.765380971333585,sharer
99,P99_3,21,1,9,8,2.665620866245582,control
99,P99_4,22,0,6,5,5.769897524233485,control
99,P99_5,44,1,8,5,16.124090220519143,sharer
99,P99_6,29,1,6,6,7.005236502159621,sharer
99,P99_7,17,1,6,5,15.21721903177235,sharer
99,P99_8,19,1,6,6,9.028701923341904,control
99,P99_9,16,0,5,3,16.428939481983257,control
99,P99_10,14,1,6,5,15.491151268554413,control
100,P100_1,7,1,4,5,6.626020577998216,sharer
100,P100_2,46,1,8,8,2.4033154582089553,control
100,P100_3,12,0,3,3,16.132909771778984,sharer
100,P100_4,20,0,3,3,19.812830938582383,control
100,P100_5,7,0,2,4,19.88708703833855,sharer
100,P100_6,47,1,6,8,1.4746380605549154,sharer
100,P100_7,34,1,7,7,1.6491570622994285,sharer
100,P100_8,48,1,6,5,8.939920525359462,sharer
100,P100_9,44,1,7,7,2.821567555756678,sharer
100,P100_10,11,0,4,4,7.487354110525871,sharer
101,P101_1,6,1,4,5,15.70621750142148,sharer
101,P101_2,4,1,6,8,7.746615043936855,control
101,P101_3,23,1,7,10,4.604920091111786,control
101,P101_4,38,0,3,3,3.890060890133162,sharer
101,P101_5,49,0,4,4,10.765611830908261,control
101,P101_6,21,1,9,8,1.860412480706458,control
101,P101_7,1,1,6,6,10.149439308469956,control
101,P101_8,15,0,5,5,11.021991026558485,control
101,P101_9,18,0,3,4,10.849212447427771,control
101,P101_10,10,0,2,2,7.257423802337007,sharer
102,P102_1,34,1,10,9,11.32953240423508,control
102,P102_2,6,1,5,5,5.630917657482855,sharer
102,P102_3,4,1,6,8,3.4532550650613474,control
102,P102_4,13,0,4,4,14.872505650908565,sharer
102,P102_5,38,0,3,4,17.32036373284071,sharer
102,P102_6,0,0,2,4,19.165799517889425,sharer
102,P102_7,48,1,5,8,1.566914152258554,sharer
102,P102_8,19,1,7,5,3.7131326790432655,sharer
102,P102_9,12,0,4,2,8.144569559435357,control
102,P102_10,35,0,5,5,8.955200353823114,sharer
103,P103_1,12,1,5,7,10.137393391242302,control
103,P103_2,40,0,3,4,17.803567902664295,sharer
103,P103_3,2,0,2,5,14.78002756469262,control
103,P103_4,15,0,3,4,14.756489654285678,control
103,P103_5,17,1,7,6,1.4430880518488225,sharer
103,P103_6,5,1,3,6,5.379935056556376,sharer
103,P103_7,36,0,5,4,12.356898160966455,control
103,P103_8,36,0,5,6,9.9858262472031,control
103,P103_9,2,1,8,8,8.416059897773343,control
103,P103_10,36,1,7,7,6.59980081021584,control
104,P104_1,50,1,6,5,5.972436374818571,sharer
104,P104_2,30,0,4,4,4.164732187791748,sharer
104,P104_3,2,0,4,3,17.853735082217057,sharer
104,P104_4,3,1,8,5,9.497899127971799,control
104,P104_5,20,0,4,5,15.026479257231424,control
104,P104_6,5,0,2,3,17.466340309228947,sharer
104,P104_7,19,0,4,2,12.721010461055592,control
104,P104_8,0,1,8,6,12.323549393258979,control
104,P104_9,22,1,8,7,3.305330884956967,control
104,P104_10,48,0,5,3,17.202539993948257,sharer
105,P105_1,18,1,6,6,12.630649426537941,sharer
105,P105_2,25,0,7,3,12.725932567318123,control
105,P105_3,32,1,5,7,12.017260013233859,sharer
105,P105_4,12,0,2,3,16.1744064404784,sharer
105,P105_5,20,0,4,4,10.06025511815264,control
105,P105_6,48,0,5,3,8.202112904029573,sharer
105,P105_7,25,1,4,8,12.406843781823353,sharer
105,P105_8,46,0,5,4,5.108917673251858,sharer
105,P105_9,22,0,5,6,17.728004652629735,control
105,P105_10,8,0,4,5,12.663569285893214,control
106,P106_1,44,0,4,6,14.587521039313943,control
106,P106_2,43,0,5,5,10.87950869958722,control
106,P106_3,6,1,5,7,4.231487314019027,sharer
106,P106_4,21,1,7,5,13.951647871204598,sharer
106,P106_5,26,1,7,6,6.293507915568604,sharer
106,P106_6,47,1,4,7,10.553226154058766,sharer
106,P106_7,32,1,8,7,14.61611581702125,control
106,P106_8,6,1,5,4,5.591694945122429,sharer
106,P106_9,32,1,6,7,10.492578634129485,sharer
106,P106_10,49,1,8,9,9.02486353871305,control
107,P107_1,9,1,7,7,13.718159015161204,sharer
107,P107_2,1,1,7,5,10.98395371150234,control
107,P107_3,37,0,5,4,6.903085277697958,sharer
107,P107_4,50,1,10,8,4.005810636159746,control
107,P107_5,24,1,10,9,11.615657591316904,control
107,P107_6,30,1,5,7,6.7631756655339,sharer
107,P107_7,37,1,7,8,7.472775871194607,control
107,P107_8,2,0,3,2,6.423703482464703,sharer
107,P107_9,18,1,7,5,10.07126379982867,sharer
107,P107_10,10,0,3,2,14.70632710920308,sharer
108,P108_1,9,0,3,3,17.95116899789483,control
108,P108_2,43,1,6,7,11.001103740026014,control
108,P108_3,29,0,4,4,8.400269422839582,control
108,P108_4,5,0,2,3,10.285676752058368,sharer
108,P108_5,40,1,8,5,11.369076845415098,sharer
108,P108_6,5,1,8,8,13.766455526131189,control
108,P108_7,45,0,5,4,7.345263256064795,control
108,P108_8,14,0,2,2,18.71256970486872,sharer
108,P108_9,13,1,4,5,11.922697655324113,sharer
108,P108_10,43,1,8,7,6.357004463718473,control
109,P109_1,41,0,4,5,13.278799896026676,control
109,P109_2,9,0,4,2,6.400455097542205,control
109,P109_3,49,0,5,5,13.267524823575473,sharer
109,P109_4,45,1,9,7,4.0841829524566595,control
109,P109_5,10,0,2,2,17.39201050707394,sharer
109,P109_6,32,1,5,6,14.61928920331977,sharer
109,P109_7,33,1,7,6,3.4886052522299447,sharer
109,P109_8,46,0,4,4,9.973885444962768,control
109,P109_9,38,1,7,8,12.619918892890038,control
109,P109_10,41,1,9,7,10.799873475444162,control
110,P110_1,33,1,7,7,9.568432283684242,sharer
110,P110_2,49,1,9,9,4.3096637415539965,control
110,P110_3,21,1,8,5,7.0649466404241394,sharer
110,P110_4,28,1,8,6,4.317990498663737,sharer
110,P110_5,50,1,7,7,5.3679664332252335,sharer
110,P110_6,8,0,3,4,13.803086912012686,sharer
110,P110_7,21,0,6,7,3.2453219795748436,control
110,P110_8,18,1,4,4,7.24610771799575,sharer
110,P110_9,23,0,5,7,15.078756954368732,control
110,P110_10,39,1,6,6,4.748970300766111,sharer
111,P111_1,27,1,5,5,3.7772939076165812,sharer
111,P111_2,2,1,5,4,8.017309867329239,sharer
111,P111_3,45,1,4,6,9.65786604943615,sharer
111,P111_4,49,0,5,5,8.349576768641432,control
111,P111_5,43,0,5,5,18.327273256922386,control
111,P111_6,24,1,7,6,6.351641105266403,sharer
111,P111_7,15,0,5,5,16.904712126482725,control
111,P111_8,13,1,5,8,15.845275017131016,control
111,P111_9,39,0,3,3,6.22260205579485,sharer
111,P111_10,38,1,6,7,12.856378959453561,sharer
112,P112_1,4,0,4,3,16.910809398176298,sharer
112,P112_2,9,1,4,5,16.415864440810644,sharer
112,P112_3,36,1,8,9,11.849532700736912,control
112,P112_4,40,1,7,7,4.898371165629282,sharer
112,P112_5,31,0,5,5,7.827488269166797,control
112,P112_6,6,1,5,5,12.88462816618357,sharer
112,P112_7,0,0,2,5,16.217770788849478,control
112,P112_8,9,1,6,5,5.771268065891891,control
112,P112_9,49,0,5,5,11.198846931080883,control
112,P112_10,19,0,4,5,12.631183755117348,control
113,P113_1,35,1,7,5,3.783712749492123,sharer
113,P113_2,50,0,5,6,4.445846184959042,control
113,P113_3,5,0,2,4,14.893912875686333,sharer
113,P113_4,31,1,7,5,1.623195593344878,sharer
113,P113_5,6,1,6,5,15.028491073028952,sharer
113,P113_6,29,0,5,6,13.779590585959916,control
113,P113_7,20,1,5,5,15.132662708430573,sharer
113,P113_8,10,1,6,6,2.247991494790294,control
113,P113_9,18,0,2,2,7.383857507506438,control
113,P113_10,10,0,3,2,13.054095580508399,sharer
114,P114_1,4,1,6,8,16.76014449552494,control
114,P114_2,17,0,3,5,8.922487844730771,control
114,P114_3,36,1,8,7,13.519695560086891,control
114,P114_4,23,1,7,6,1.0,control
114,P114_5,22,0,6,5,13.587883265598414,control
114,P114_6,5,0,4,4,5.656368460744769,control
114,P114_7,4,1,5,5,14.96824248026995,control
114,P114_8,11,0,4,2,10.700515153232683,sharer
114,P114_9,45,0,5,4,5.936171799016773,sharer
114,P114_10,49,1,5,6,14.106406949686923,sharer
115,P115_1,29,0,3,4,3.6186146478209564,sharer
115,P115_2,16,1,4,7,13.147914021294694,control
115,P115_3,30,0,5,5,15.763880120366238,control
115,P115_4,16,0,2,4,12.146423601047427,sharer
115,P115_5,48,1,6,6,9.848549484454237,sharer
115,P115_6,28,1,6,7,13.104892239522293,sharer
115,P115_7,41,0,4,3,5.805034408220676,sharer
115,P115_8,8,1,6,7,15.947026934044114,control
115,P115_9,7,1,6,4,8.182261760751334,sharer
115,P115_10,36,1,9,8,4.870373257168611,control
116,P116_1,31,0,5,5,14.037009326779774,sharer
116,P116_2,2,1,6,5,6.517827331261563,sharer
116,P116_3,23,1,6,8,14.61787022959983,sharer
116,P116_4,18,1,7,6,16.013203392257672,control
116,P116_5,25,0,3,5,13.059314212849305,sharer
116,P116_6,26,1,7,6,3.6953345756347593,sharer
116,P116_7,39,1,9,9,1.8235750527702415,control
116,P116_8,43,0,4,7,8.735321621326722,control
116,P116_9,8,0,2,3,9.732500491676685,sharer
116,P116_10,28,1,8,8,5.148126234113434,control
117,P117_1,23,0,3,5,8.745473134574297,sharer
117,P117_2,32,1,5,7,2.1620137094718572,sharer
117,P117_3,39,0,5,5,14.782302949111367,control
117,P117_4,20,1,4,5,8.366477804454078,sharer
117,P117_5,23,1,6,6,1.8051518627357321,sharer
117,P117_6,5,0,5,5,7.956977407810291,control
117,P117_7,43,1,7,6,10.743940694610131,sharer
117,P117_8,26,1,7,6,3.648413046780788,sharer
117,P117_9,32,0,5,4,7.4010277556923825,sharer
117,P117_10,28,1,8,6,8.999772572582524,sharer
118,P118_1,16,1,6,6,9.511247160334452,control
118,P118_2,43,0,4,4,10.274202198685277,sharer
118,P118_3,2,0,2,2,8.92381905232176,sharer
118,P118_4,39,1,8,8,1.0,control
118,P118_5,41,1,6,6,13.12625783361756,control
118,P118_6,3,1,4,6,13.906787326874628,sharer
118,P118_7,47,1,9,8,14.929340297734264,control
118,P118_8,50,1,10,8,2.483725030970192,control
118,P118_9,15,1,7,7,4.898978046549454,control
118,P118_10,44,1,7,6,10.140057775207557,sharer
119,P119_1,35,1,5,8,7.595605689699466,sharer
119,P119_2,0,1,5,6,14.259416113151733,control
119,P119_3,9,1,5,5,6.390273527021476,control
119,P119_4,6,0,4,3,7.4189625007644295,control
119,P119_5,18,0,2,3,18.540401950431708,sharer
119,P119_6,24,1,6,8,6.922761574380093,sharer
119,P119_7,10,0,4,5,15.47113966357866,control
119,P119_8,36,0,6,6,11.821791875751124,control
119,P119_9,25,1,7,6,3.632039691245758,sharer
119,P119_10,4,0,3,4,9.865516639140921,sharer
120,P120_1,14,1,7,6,8.743255545721887,sharer
120,P120_2,24,0,6,5,17.48159687509889,control
120,P120_3,29,1,7,7,5.2409385567456495,sharer
120,P120_4,42,0,3,5,7.7467185516110355,control
120,P120_5,5,1,7,8,6.166770149397678,control
120,P120_6,22,0,5,6,11.09810911419009,control
120,P120_7,29,1,7,7,8.215088174615566,sharer
120,P120_8,29,0,4,4,7.460947215572053,sharer
120,P120_9,41,1,8,6,5.729648003965626,control
120,P120_10,34,1,8,10,10.495421100855678,control
121,P121_1,29,0,4,5,12.91175295897054,sharer
121,P121_2,6,0,4,5,15.6215732462147,control
121,P121_3,5,0,4,4,8.736485967999837,control
121,P121_4,11,1,6,6,7.405189807841128,sharer
121,P121_5,46,0,4,4,9.48468528320627,sharer
121,P121_6,6,1,6,7,5.1701609132712925,control
121,P121_7,25,0,4,4,6.108694736144997,sharer
121,P121_8,49,1,8,9,14.207197284791345,control
121,P121_9,27,1,7,7,4.6352714267195685,sharer
121,P121_10,12,1,7,7,7.415012729253981,control
122,P122_1,25,0,5,4,8.636104551868977,sharer
122,P122_2,21,0,4,4,9.750202691741471,sharer
122,P122_3,4,0,3,4,9.271441679027053,control
122,P122_4,20,0,4,3,5.254343277653486,control
122,P122_5,21,0,3,5,10.40646463209447,control
122,P122_6,38,1,5,6,3.8242176899830866,sharer
122,P122_7,31,0,3,4,12.987752606148007,sharer
122,P122_8,13,0,2,2,7.450725988312376,control
122,P122_9,44,0,5,3,8.717607781910077,control
122,P122_10,47,1,7,7,1.1285744358839525,control
123,P123_1,30,1,5,7,12.26835643012011,sharer
123,P123_2,7,0,3,2,16.377916138544563,control
123,P123_3,17,1,6,6,3.7964355064051754,sharer
123,P123_4,29,0,4,5,7.514713602388998,control
123,P123_5,2,0,2,2,5.540083819125213,sharer
123,P123_6,34,0,3,4,8.222425741927363,sharer
123,P123_7,9,0,4,3,7.283837780680133,control
123,P123_8,30,0,3,4,12.56503819600888,sharer
123,P123_9,9,0,5,4,8.844173401722953,control
123,P123_10,40,0,3,5,8.99839972392305,sharer
124,P124_1,13,0,5,4,16.550249986986536,control
124,P124_2,20,0,3,2,10.811780967336425,control
124,P124_3,36,0,4,7,6.486528227748573,control
124,P124_4,2,1,5,4,10.603212386486447,sharer
124,P124_5,38,0,4,6,16.628711472095112,control
124,P124_6,49,1,10,9,4.1100583280361,control
124,P124_7,24,1,9,9,4.07773744841888,control
124,P124_8,3,0,3,4,19.201806702565175,sharer
124,P124_9,23,0,6,4,9.614238055014043,control
124,P124_10,50,1,7,7,5.715467472227603,control
125,P125_1,27,1,7,6,14.17889709888033,sharer
125,P125_2,30,1,5,7,7.563076899662325,sharer
125,P125_3,13,0,3,4,12.1958749439512,control
125,P125_4,3,0,3,2,5.977366499327749,sharer
125,P125_5,13,1,8,5,8.515537302648832,control
125,P125_6,1,1,6,4,3.382016464722838,sharer
125,P125_7,48,0,4,5,3.8965561292267425,sharer
125,P125_8,43,1,9,7,10.41900250399723,control
125,P125_9,27,0,5,3,8.515571558751603,sharer
125,P125_10,17,0,2,3,10.569084181584262,sharer
126,P126_1,16,0,3,2,16.027924340886717,sharer
126,P126_2,40,0,4,3,9.441788817095624,sharer
126,P126_3,11,0,4,4,12.417660170314166,control
126,P126_4,5,0,4,3,11.475669974809016,control
126,P126_5,9,0,3,4,9.992061137190356,sharer
126,P126_6,4,1,7,6,14.22003826052896,control
126,P126_7,17,1,7,8,10.711915960059832,control
126,P126_8,25,1,6,8,2.4826299763081323,control
126,P126_9,5,1,4,5,3.227955831195333,sharer
126,P126_10,19,0,2,3,15.646294517933306,control
127,P127_1,45,1,6,5,11.033860570181318,sharer
127,P127_2,28,1,7,7,15.075452550698138,sharer
127,P127_3,26,1,9,10,12.003438115614113,control
127,P127_4,33,1,5,7,14.320727399234409,sharer
127,P127_5,13,1,6,7,4.763157091536565,control
127,P127_6,42,0,4,4,7.78462766982501,sharer
127,P127_7,16,1,8,7,12.483767422347674,control
127,P127_8,11,1,5,6,14.122072751664719,sharer
127,P127_9,3,1,6,7,16.476900052227766,sharer
127,P127_10,5,0,4,3,6.302429341696775,sharer
128,P128_1,27,0,5,4,7.492831535300665,control
128,P128_2,21,1,6,6,8.7214449821745,sharer
128,P128_3,48,1,5,6,9.339364608061523,sharer
128,P128_4,19,0,3,4,13.034943862300624,sharer
128,P128_5,10,1,7,5,3.8615766382699417,control
128,P128_6,12,0,4,2,14.016805216455712,sharer
128,P128_7,22,1,7,9,14.722643157380906,control
128,P128_8,26,0,4,5,7.367009781666772,control
128,P128_9,30,1,6,7,12.586999148933206,sharer
128,P128_10,30,0,4,5,14.119681351603521,control
129,P129_1,34,1,6,7,5.119711290024483,control
129,P129_2,44,0,5,5,11.331648972236328,control
129,P129_3,50,1,6,7,1.7682922232373368,control
129,P129_4,10,1,6,6,4.137061194543309,control
129,P129_5,44,1,7,6,5.922063863331959,sharer
129,P129_6,27,0,5,3,6.327069505745664,sharer
129,P129_7,22,0,4,3,4.868883968965135,sharer
129,P129_8,44,1,6,6,13.582842224293303,sharer
129,P129_9,36,0,6,5,12.571569526988949,control
129,P129_10,24,1,7,5,3.6815783091936183,sharer
130,P130_1,0,1,7,8,9.377423345531184,control
130,P130_2,35,0,5,4,7.469998248809572,sharer
130,P130_3,50,0,4,4,10.87946394823372,sharer
130,P130_4,38,0,4,5,7.529536913041864,control
130,P130_5,12,1,7,5,15.814326858892588,sharer
130,P130_6,4,1,6,6,10.644732774099154,sharer
130,P130_7,46,1,7,5,4.732407873827196,sharer
130,P130_8,42,0,5,5,12.268178566458324,sharer
130,P130_9,37,1,5,6,13.893540765746783,sharer
130,P130_10,39,1,8,9,12.317662269418484,control
131,P131_1,9,1,5,7,10.21876796576413,control
131,P131_2,20,0,3,4,14.50166361373543,control
131,P131_3,42,1,8,9,12.026780602486241,control
131,P131_4,46,1,5,6,2.5706555145648116,sharer
131,P131_5,47,1,8,10,8.16245094978795,control
131,P131_6,47,0,5,3,10.311750248675052,control
131,P131_7,46,1,6,7,1.0,sharer
131,P131_8,20,0,3,2,14.904454264778717,control
131,P131_9,0,1,6,5,17.17118337679225,control
131,P131_10,9,1,5,5,13.803173770737878,sharer
132,P132_1,29,1,6,8,12.347932813386965,control
132,P132_2,9,0,4,4,19.61129016463412,control
132,P132_3,31,0,5,3,6.473679887871808,sharer
132,P132_4,20,0,4,4,9.192060244163898,sharer
132,P132_5,7,0,2,4,11.527899233211304,control
132,P132_6,50,0,6,6,9.875408856391662,control
132,P132_7,43,0,5,4,17.275722993050543,control
132,P132_8,26,0,5,4,13.415089970295409,sharer
132,P132_9,16,1,5,6,8.529478603350903,control
132,P132_10,33,1,5,7,10.383452374154203,sharer
133,P133_1,46,1,8,6,12.613200939873966,sharer
133,P133_2,0,0,2,3,10.392808584232359,sharer
133,P133_3,28,0,3,5,9.983453252767822,control
133,P133_4,8,0,3,5,8.897886329725097,control
133,P133_5,40,0,4,4,12.390994280452496,control
133,P133_6,28,1,5,6,1.9013883103980822,sharer
133,P133_7,40,1,6,6,2.160165060492981,sharer
133,P133_8,37,0,3,5,11.570513970215025,sharer
133,P133_9,6,0,5,4,9.323644885562942,control
133,P133_10,2,1,5,7,4.313624569167347,control
134,P134_1,13,0,2,4,9.035661945189137,control
134,P134_2,47,0,5,4,15.328041789178698,sharer
134,P134_3,12,0,3,2,16.803625376009922,sharer
134,P134_4,26,1,6,5,3.357251571663987,sharer
134,P134_5,44,1,9,8,8.782866779909963,control
134,P134_6,34,0,4,4,4.059698060784972,sharer
134,P134_7,49,0,4,4,13.536292686128261,sharer
134,P134_8,10,1,6,6,9.119586727100206,sharer
134,P134_9,38,0,4,5,17.800571944605537,control
134,P134_10,24,1,5,5,15.064636752446013,sharer
135,P135_1,13,1,6,6,5.333675591667507,sharer
135,P135_2,22,0,4,5,5.813046073193203,sharer
135,P135_3,13,0,5,5,8.793799298268835,control
135,P135_4,12,0,3,4,10.573506826428709,control
135,P135_5,43,1,5,5,14.413119435269545,sharer
135,P135_6,36,1,9,8,11.476789852517502,control
135,P135_7,0,1,7,5,7.949673197552491,control
135,P135_8,23,1,6,9,8.494420732594465,control
135,P135_9,23,0,5,5,7.726927675510286,control
135,P135_10,1,0,4,3,11.501122649420758,sharer
136,P136_1,19,0,3,3,13.219846195950854,sharer
136,P136_2,19,1,7,7,17.31936383396916,control
136,P136_3,32,0,5,6,13.135401858539943,control
136,P136_4,7,0,3,2,8.30356318971794,sharer
136,P136_5,44,0,3,3,4.395186999928634,sharer
136,P136_6,31,0,5,4,10.54074943583281,sharer
136,P136_7,41,0,4,3,13.078300999682948,control
136,P136_8,29,0,3,5,5.028081007048087,sharer
136,P136_9,26,0,6,5,9.938043822025401,control
136,P136_10,26,0,6,5,12.108953269596435,control
137,P137_1,22,1,6,7,5.0757641835741,sharer
137,P137_2,22,1,7,6,11.967522905441506,sharer
137,P137_3,34,0,3,5,15.359089070152173,sharer
137,P137_4,27,1,8,8,5.69452306716722,control
137,P137_5,33,0,5,6,17.02753215306629,control
137,P137_6,48,1,7,8,5.241058536833911,sharer
137,P137_7,21,0,3,4,6.8544473497467475,sharer
137,P137_8,7,0,3,3,17.797978827678975,sharer
137,P137_9,11,1,5,5,12.26829049693583,control
137,P137_10,29,1,8,8,9.831176725259915,control
138,P138_1,27,1,8,8,10.176691527718834,control
138,P138_2,23,0,4,4,2.2090844552197932,control
138,P138_3,11,0,4,3,9.009954399619641,control
138,P138_4,35,1,7,6,1.0,sharer
138,P138_5,38,1,7,8,3.774546528517897,control
138,P138_6,10,1,8,6,10.941347048540496,control
138,P138_7,34,0,4,5,12.587361243283052,sharer
138,P138_8,27,0,3,3,16.874904948973047,sharer
138,P138_9,24,0,5,4,8.027729656139146,control
138,P138_10,18,1,5,7,12.418948145686151,sharer
139,P139_1,42,0,4,5,13.152553665454919,sharer
139,P139_2,44,0,3,5,15.127402823165582,sharer
139,P139_3,43,1,8,8,11.531923272381077,sharer
139,P139_4,27,0,6,6,6.258227491974669,control
139,P139_5,40,0,3,5,7.992775194456226,sharer
139,P139_6,18,1,5,4,6.015380543088091,sharer
139,P139_7,44,0,4,3,11.680017873247788,sharer
139,P139_8,39,0,5,4,4.728982716633427,sharer
139,P139_9,6,1,6,7,10.537705384452572,control
139,P139_10,5,1,7,6,3.0109919514261403,sharer
140,P140_1,6,1,7,7,5.337113554815982,control
140,P140_2,5,1,4,7,8.114881489230958,sharer
140,P140_3,41,0,6,6,5.6391637225571944,control
140,P140_4,1,0,4,4,13.69345585861898,control
140,P140_5,39,1,5,5,4.808141315053547,sharer
140,P140_6,26,0,5,4,15.755316527880685,sharer
140,P140_7,6,0,3,3,16.819907535560887,sharer
140,P140_8,31,1,9,9,6.493557194466573,control
140,P140_9,47,1,6,6,2.8398207647741818,sharer
140,P140_10,48,0,3,5,14.451063700331352,sharer
141,P141_1,39,0,3,4,14.359869873818937,sharer
141,P141_2,34,1,8,7,11.21049274329436,sharer
141,P141_3,6,1,5,6,6.375706920283116,sharer
141,P141_4,40,0,4,5,10.790146294406483,sharer
141,P141_5,28,0,6,5,4.289842638438351,control
141,P141_6,32,1,5,5,15.214669967269227,sharer
141,P141_7,37,1,8,7,8.255974016928693,sharer
141,P141_8,2,1,7,8,8.070044626582211,control
141,P141_9,42,0,4,5,16.774466544908044,sharer
141,P141_10,18,1,6,5,8.067856726983225,sharer
142,P142_1,26,0,3,3,11.819014676167727,sharer
142,P142_2,13,0,3,4,5.111567039368717,control
142,P142_3,14,0,3,3,7.011194286088166,control
142,P142_4,49,1,7,9,12.145201038608278,control
142,P142_5,29,0,6,6,12.719923192032434,control
142,P142_6,35,0,3,3,16.693915642697466,sharer
142,P142_7,24,1,9,10,2.7825053292330564,control
142,P142_8,7,0,3,2,9.277328252168802,control
142,P142_9,12,0,2,2,7.061370938801428,sharer
142,P142_10,30,1,7,8,1.0,control
143,P143_1,7,0,3,2,5.736180574802483,sharer
143,P143_2,22,1,7,7,10.804852459038115,sharer
143,P143_3,50,0,5,5,4.882751379849095,sharer
143,P143_4,29,1,10,5,5.027563573299355,control
143,P143_5,26,0,3,4,8.210516005807259,sharer
143,P143_6,41,1,8,8,4.668916183378375,control
143,P143_7,45,0,5,3,14.590751978606578,sharer
143,P143_8,50,0,4,5,15.44241075757605,sharer
143,P143_9,47,0,4,3,8.795795977931844,sharer
143,P143_10,25,1,6,6,14.653293203734176,sharer
144,P144_1,0,0,2,3,5.02178959300546,sharer
144,P144_2,23,1,6,7,11.07533180153001,sharer
144,P144_3,50,1,7,5,4.735274976179961,sharer
144,P144_4,14,1,4,4,3.9789009693033517,sharer
144,P144_5,32,1,6,5,9.21482095923189,sharer
144,P144_6,18,0,3,4,7.188732200128749,sharer
144,P144_7,17,0,3,2,14.98785490447062,sharer
144,P144_8,42,0,6,4,11.327587912757384,control
144,P144_9,16,0,3,2,18.33405034620576,sharer
144,P144_10,19,0,2,3,9.33609353793858,sharer
145,P145_1,50,1,8,9,2.9099637821046,control
145,P145_2,26,0,4,4,9.78647563671204,sharer
145,P145_3,43,1,6,5,2.9426122395545633,sharer
145,P145_4,15,0,4,5,6.64736597996307,control
145,P145_5,0,1,5,6,11.74969506906036,sharer
145,P145_6,26,1,10,7,8.604817487227702,control
145,P145_7,2,0,3,3,16.984919785458295,sharer
145,P145_8,0,1,7,5,10.416410349361769,control
145,P145_9,1,1,7,7,8.921148667501907,control
145,P145_10,9,0,3,3,11.372730163987843,sharer
146,P146_1,50,0,5,5,5.788855987059133,control
146,P146_2,23,1,6,5,8.503875997578527,sharer
146,P146_3,33,0,3,3,17.232209009264995,sharer
146,P146_4,47,1,6,9,1.0,control
146,P146_5,38,1,9,6,4.633788668771173,control
146,P146_6,20,0,3,3,8.136266554908785,sharer
146,P146_7,21,1,8,8,2.619563236518143,control
146,P146_8,10,1,7,6,11.175361710643745,control
146,P146_9,36,0,5,3,9.011376528839511,sharer
146,P146_10,27,0,5,3,9.501874114074653,sharer
147,P147_1,15,0,3,2,6.462667694021563,sharer
147,P147_2,35,0,5,3,6.653918972594745,control
147,P147_3,25,0,4,3,5.812741294992983,sharer
147,P147_4,12,0,3,2,6.76814344440518,control
147,P147_5,39,1,9,6,8.231126019113198,control
147,P147_6,41,0,5,4,7.832233866201559,control
147,P147_7,25,0,3,5,6.718263377985509,control
147,P147_8,3,0,4,3,12.803928000523406,control
147,P147_9,36,0,6,6,16.415227423179648,control
147,P147_10,27,0,7,6,5.226370111111237,control
148,P148_1,8,0,4,3,14.164231326806176,sharer
148,P148_2,40,0,4,4,6.359810958973857,sharer
148,P148_3,24,1,5,7,4.081780562683801,sharer
148,P148_4,46,0,4,6,16.424773272561477,control
148,P148_5,11,1,7,7,4.564671301801425,control
148,P148_6,25,0,3,5,11.143250247810343,sharer
148,P148_7,20,1,5,5,10.791137127182093,sharer
148,P148_8,33,1,7,8,13.062979454444909,control
148,P148_9,10,0,2,4,13.200894193368802,control
148,P148_10,27,1,7,7,2.858990779698696,sharer
149,P149_1,14,0,4,5,15.846350345426881,control
149,P149_2,6,1,6,5,12.757057813843623,control
149,P149_3,45,1,9,10,8.41850818500938,control
149,P149_4,8,0,2,2,10.685675889869618,sharer
149,P149_5,32,0,3,5,13.514024632099096,sharer
149,P149_6,7,0,4,3,13.645775154979528,sharer
149,P149_7,40,1,8,8,13.49911937998952,control
149,P149_8,36,0,4,4,9.685617408686873,sharer
149,P149_9,50,1,6,6,10.753975470294527,sharer
149,P149_10,25,1,8,8,8.423592373241476,control
150,P150_1,48,0,5,4,4.109860215745021,sharer
150,P150_2,40,1,7,8,5.643309154907506,sharer
150,P150_3,16,1,7,6,2.1801738309398813,control
150,P150_4,35,1,8,9,13.542304282865336,control
150,P150_5,10,1,5,5,14.770447026459806,sharer
150,P150_6,20,0,2,3,10.995630689091918,sharer
150,P150_7,13,1,4,6,3.670535103290719,sharer
150,P150_8,5,1,5,5,12.963265772706599,sharer
150,P150_9,5,0,4,3,6.957655664711055,sharer
150,P150_10,1,0,3,4,11.463335627377887,sharer
151,P151_1,27,1,6,7,4.6840367089206065,sharer
151,P151_2,0,1,7,4,5.781860348105011,sharer
151,P151_3,40,1,9,8,7.4814379935737145,control
151,P151_4,49,1,8,8,13.433820082895597,control
151,P151_5,37,0,3,4,13.910226150240339,sharer
151,P151_6,9,0,3,2,14.151428583832834,sharer
151,P151_7,1,0,4,4,10.09893510910209,control
151,P151_8,39,0,3,4,18.464623454038847,sharer
151,P151_9,45,1,7,8,1.5345632860608056,sharer
151,P151_10,34,0,5,3,12.912389929764581,sharer
152,P152_1,5,0,2,2,19.633853904748584,control
152,P152_2,36,1,7,4,10.080394131050891,sharer
152,P152_3,24,0,3,3,4.264646576755934,sharer
152,P152_4,1,0,5,5,6.429616897744662,control
152,P152_5,47,0,7,6,15.666936287782365,control
152,P152_6,46,1,9,7,1.0,control
152,P152_7,8,1,6,5,12.331247114625516,control
152,P152_8,29,0,6,6,11.107737390617771,control
152,P152_9,40,0,6,5,8.104653264602144,control
152,P152_10,40,1,5,6,12.514948759078445,sharer
153,P153_1,49,0,4,4,4.00623035771515,sharer
153,P153_2,22,1,7,5,4.600010000254896,sharer
153,P153_3,11,1,6,4,13.11802504989999,control
153,P153_4,15,1,7,6,8.02724214995219,control
153,P153_5,41,1,10,8,14.609273698866485,control
153,P153_6,14,0,4,4,18.122436365886585,sharer
153,P153_7,19,0,2,5,10.41983150585626,control
153,P153_8,12,1,7,7,13.902768382111718,control
153,P153_9,34,1,5,7,3.8251609853360593,sharer
153,P153_10,15,1,7,6,3.1055012655112897,control
154,P154_1,46,0,4,3,5.663552506510467,sharer
154,P154_2,49,1,4,5,13.596773684261791,sharer
154,P154_3,50,1,6,7,14.831577684237796,sharer
154,P154_4,24,1,9,8,10.06644887257913,control
154,P154_5,49,0,5,5,3.0708010875071716,control
154,P154_6,16,0,2,4,15.592424561022302,control
154,P154_7,42,0,4,4,13.938390016956003,sharer
154,P154_8,3,1,6,7,10.713342233525594,control
154,P154_9,17,0,5,3,18.337270750352637,control
154,P154_10,5,1,6,8,7.996305744315163,control
155,P155_1,9,0,3,2,5.3191004811562035,control
155,P155_2,40,1,8,6,9.370837058791846,control
155,P155_3,1,0,4,3,7.119383302659031,control
155,P155_4,40,1,10,8,8.202388696991056,control
155,P155_5,37,0,3,6,17.086585245596606,control
155,P155_6,6,1,6,7,12.525725998703901,control
155,P155_7,7,1,6,4,4.865295405354512,sharer
155,P155_8,29,0,6,6,16.794008988556094,control
155,P155_9,38,0,5,3,5.454164702250419,sharer
155,P155_10,7,1,7,7,3.8555271759647085,control
156,P156_1,6,1,5,4,13.94016283749419,sharer
156,P156_2,9,1,5,7,1.8799732384509036,control
156,P156_3,18,0,3,2,7.854299188468508,sharer
156,P156_4,16,0,4,4,19.707111707757335,control
156,P156_5,11,1,5,5,5.399411957584745,sharer
156,P156_6,5,1,6,4,10.576560589771432,sharer
156,P156_7,4,1,6,6,5.487523971601483,sharer
156,P156_8,31,1,6,7,1.0,sharer
156,P156_9,23,1,7,6,15.85144939600885,sharer
156,P156_10,13,0,2,3,17.86755227346685,sharer
157,P157_1,25,1,9,8,10.607178153139477,control
157,P157_2,6,1,5,7,11.681244114872914,control
157,P157_3,31,0,5,4,3.420687563034086,sharer
157,P157_4,50,0,4,3,4.35309772015021,sharer
157,P157_5,1,0,4,3,14.380845296309072,control
157,P157_6,26,1,8,7,1.0,control
157,P157_7,4,1,5,5,3.5431452272540387,sharer
157,P157_8,31,0,5,5,8.023520019177683,sharer
157,P157_9,40,0,6,3,10.471190258229377,control
157,P157_10,4,1,6,4,4.299608295717661,sharer
158,P158_1,13,1,8,5,9.707920257754159,control
158,P158_2,43,1,8,7,2.384842509876616,control
158,P158_3,26,0,6,6,7.824802716305718,control
158,P158_4,24,1,8,5,4.78030004232338,sharer
158,P158_5,20,1,5,5,9.607439847911936,sharer
158,P158_6,40,1,7,6,1.524353064754457,control
158,P158_7,28,1,8,10,5.762659066348921,control
158,P158_8,10,0,3,4,8.474431955225755,sharer
158,P158_9,11,0,4,3,6.724781973072446,control
158,P158_10,19,1,5,5,16.793875249297038,sharer
159,P159_1,0,1,5,6,9.119091003587371,sharer
159,P159_2,11,1,6,7,3.0631163561881856,control
159,P159_3,42,0,4,5,11.743236973644162,sharer
159,P159_4,36,1,9,8,3.5342474730509217,control
159,P159_5,40,1,6,7,5.457179218885925,sharer
159,P159_6,38,0,5,6,15.273864927897016,control
159,P159_7,2,1,6,6,13.255926216896068,sharer
159,P159_8,7,0,3,2,14.351554990816256,sharer
159,P159_9,21,1,7,7,11.281192771766966,sharer
159,P159_10,22,0,6,4,15.192956199880104,control
160,P160_1,30,1,7,10,9.901254215720531,control
160,P160_2,39,1,5,7,9.705307503384892,sharer
160,P160_3,38,0,5,3,11.080993357945868,sharer
160,P160_4,34,1,10,7,14.525197314917897,control
160,P160_5,0,0,3,3,12.387067644053072,sharer
160,P160_6,10,0,4,5,13.61889286883007,control
160,P160_7,33,1,8,9,13.574075643525013,control
160,P160_8,47,1,6,5,8.076746707103908,sharer
160,P160_9,16,0,2,5,10.405359017353558,control
160,P160_10,7,1,7,5,12.23181910538771,sharer
161,P161_1,12,0,2,2,13.126551416803956,sharer
161,P161_2,38,1,7,6,6.1255529779980185,sharer
161,P161_3,1,1,8,5,11.509112054263433,control
161,P161_4,34,1,10,9,5.612572149604978,control
161,P161_5,1,1,6,5,3.1280237119201004,control
161,P161_6,33,0,4,5,10.914183942461182,sharer
161,P161_7,32,0,6,4,11.777381674266657,control
161,P161_8,48,0,6,5,6.233437809985297,control
161,P161_9,9,0,3,2,19.274425317997576,sharer
161,P161_10,13,0,3,3,10.79418636294943,control
162,P162_1,23,0,6,5,12.573648319817313,control
162,P162_2,7,0,2,2,9.599290038808554,sharer
162,P162_3,13,0,4,5,18.408006971215105,control
162,P162_4,1,0,4,2,17.485956785812625,sharer
162,P162_5,20,1,7,7,4.804993074680817,control
162,P162_6,8,1,4,6,4.113738066911327,sharer
162,P162_7,14,0,2,2,17.4139901244379,sharer
162,P162_8,5,0,2,2,7.6026449016604705,sharer
162,P162_9,46,0,4,4,10.097499979000812,sharer
162,P162_10,44,1,6,7,3.2495772672851606,sharer
163,P163_1,8,1,6,7,3.5411906487974902,control
163,P163_2,17,0,4,5,15.44118306693451,control
163,P163_3,17,1,7,7,12.062623437078019,control
163,P163_4,30,0,5,4,10.909449387909229,control
163,P163_5,12,0,5,5,13.361098819497736,control
163,P163_6,5,1,7,6,8.074112332334058,sharer
163,P163_7,22,0,4,5,11.80728537326752,sharer
163,P163_8,45,0,6,5,17.482964146382777,control
163,P163_9,35,1,7,6,5.163410304529449,sharer
163,P163_10,41,0,6,4,5.193876630917323,control
164,P164_1,18,0,5,2,5.591032807850271,control
164,P164_2,29,0,4,5,13.441979233374283,control
164,P164_3,47,0,5,5,15.735304247657139,control
164,P164_4,31,1,7,8,4.228823331238309,control
164,P164_5,27,1,8,7,6.631020085371981,control
164,P164_6,32,1,9,9,5.413563220377411,control
164,P164_7,25,0,4,6,18.196023066810703,control
164,P164_8,12,1,7,4,4.661121274888958,sharer
164,P164_9,16,1,4,4,13.787751885215936,sharer
164,P164_10,11,0,4,4,14.361017878272095,control
165,P165_1,12,0,2,3,18.282231996564306,sharer
165,P165_2,43,1,8,8,7.845002854738002,control
165,P165_3,45,1,6,7,2.6015119694670847,sharer
165,P165_4,17,1,6,4,5.0364324949968085,control
165,P165_5,25,1,5,6,13.401638871732471,sharer
165,P165_6,6,1,6,5,16.490925248257675,sharer
165,P165_7,37,1,6,9,11.534273328927652,control
165,P165_8,50,1,7,6,14.649811358311744,control
165,P165_9,49,0,4,6,4.842697189245024,control
165,P165_10,37,0,7,5,7.743986485511141,control
166,P166_1,19,1,5,4,15.64586979397914,sharer
166,P166_2,10,0,3,4,12.39652677091204,control
166,P166_3,50,1,5,7,2.979928436862357,sharer
166,P166_4,13,0,3,2,18.399078560638433,sharer
166,P166_5,46,0,4,5,11.853703449980728,sharer
166,P166_6,31,0,3,4,12.179480891828888,sharer
166,P166_7,27,0,5,3,12.716307821229968,sharer
166,P166_8,28,1,8,8,1.0,control
166,P166_9,27,1,8,7,1.9325842538544835,control
166,P166_10,38,0,4,4,15.567706302209622,sharer
167,P167_1,47,1,9,9,9.095144587942311,control
167,P167_2,17,0,3,4,5.606566839143097,sharer
167,P167_3,20,0,2,4,8.544310099170877,sharer
167,P167_4,39,1,8,7,7.761370772681122,control
167,P167_5,6,0,4,3,18.928060181542392,sharer
167,P167_6,38,0,3,6,11.76001996162584,control
167,P167_7,24,0,5,5,3.6514119734765265,control
167,P167_8,27,1,8,7,11.364650210879278,control
167,P167_9,12,0,3,2,10.967292567538074,sharer
167,P167_10,36,0,5,6,3.885418889730277,control
168,P168_1,22,1,9,7,10.981979896167724,control
168,P168_2,23,1,5,7,1.297482809785374,sharer
168,P168_3,40,1,7,7,14.87821652090956,control
168,P168_4,4,1,4,4,11.717412441565308,sharer
168,P168_5,28,0,4,5,5.525284261560415,control
168,P168_6,10,1,6,5,16.17565629700844,sharer
168,P168_7,2,0,2,4,10.633654050023193,control
168,P168_8,32,1,5,8,2.5839285297841794,sharer
168,P168_9,16,0,3,2,18.96051126136834,sharer
168,P168_10,37,1,9,8,4.624125686672123,control
169,P169_1,26,0,3,3,17.25279525497072,sharer
169,P169_2,18,1,5,4,14.209840833012684,sharer
169,P169_3,38,1,5,5,7.443422991843914,sharer
169,P169_4,41,0,3,4,9.794320896705138,sharer
169,P169_5,33,0,6,5,4.0595092109963415,control
169,P169_6,22,1,4,7,13.297338799430685,sharer
169,P169_7,25,1,7,8,1.0,control
169,P169_8,1,1,5,6,10.78683549148706,sharer
169,P169_9,7,0,2,2,17.652579639756958,sharer
169,P169_10,11,1,6,5,14.700189312756105,sharer
170,P170_1,20,0,2,2,5.890977170596667,sharer
170,P170_2,27,1,6,9,1.4675345957176327,control
170,P170_3,50,1,6,9,8.576017286620209,control
170,P170_4,11,0,2,4,18.0264889135725,control
170,P170_5,22,1,6,7,1.0,control
170,P170_6,15,1,6,9,13.287182275223298,control
170,P170_7,4,0,3,2,11.009256971066515,sharer
170,P170_8,13,0,2,3,5.2614441400540475,control
170,P170_9,42,0,4,4,15.484252550176272,sharer
170,P170_10,23,1,9,8,1.854985614569368,control
171,P171_1,23,0,4,6,16.30183352384638,control
171,P171_2,9,1,4,4,8.022062006430726,sharer
171,P171_3,49,1,10,7,2.6135122147645613,control
171,P171_4,20,1,4,4,7.876111927055426,sharer
171,P171_5,7,1,4,6,5.83634361362144,sharer
171,P171_6,0,0,4,4,15.499008282041583,control
171,P171_7,20,0,4,4,13.612532802264417,control
171,P171_8,44,1,7,7,10.925598779099493,control
171,P171_9,0,1,8,7,9.39521154731154,control
171,P171_10,45,0,5,4,4.736223879103557,control
172,P172_1,21,1,7,9,9.432604544549275,control
172,P172_2,13,0,3,4,8.72362709417554,control
172,P172_3,29,0,6,6,9.52262931619411,control
172,P172_4,36,1,6,6,8.384683775305287,sharer
172,P172_5,50,0,6,6,18.234354360950682,control
172,P172_6,20,0,3,4,17.66376322189661,sharer
172,P172_7,14,0,2,3,17.615411597306853,control
172,P172_8,35,1,9,8,7.816651751016027,control
172,P172_9,4,1,5,6,12.518341418310873,control
172,P172_10,24,1,7,7,13.616274230347042,sharer
173,P173_1,18,0,3,2,14.922295195037591,sharer
173,P173_2,38,0,4,6,4.539069406311176,control
173,P173_3,13,0,4,2,6.803643344114498,control
173,P173_4,33,1,8,7,5.998468442212078,sharer
173,P173_5,13,0,4,2,5.385394125375972,control
173,P173_6,6,0,3,3,9.802972168468898,sharer
173,P173_7,35,0,5,6,6.098338190022265,control
173,P173_8,17,0,3,4,15.019756229672488,control
173,P173_9,45,1,10,8,8.155192908752184,control
173,P173_10,38,1,9,9,8.54698514275702,control
174,P174_1,42,1,7,7,14.242140672081629,control
174,P174_2,4,0,2,3,15.11288686399491,sharer
174,P174_3,36,1,9,9,2.1942758993828386,control
174,P174_4,41,0,4,4,7.549483077197948,sharer
174,P174_5,26,1,7,7,4.750204838123655,sharer
174,P174_6,43,0,3,4,5.974624346569512,sharer
174,P174_7,48,1,7,7,2.6336387586146097,sharer
174,P174_8,27,1,7,6,7.129405239752201,sharer
174,P174_9,20,0,2,5,12.908139502090325,control
174,P174_10,20,0,3,2,5.330822500203444,sharer
175,P175_1,12,0,4,2,6.107795709496564,control
175,P175_2,12,1,9,5,15.11853363990297,control
175,P175_3,3,1,9,6,4.6339175757971685,control
175,P175_4,31,1,6,6,6.595149622412505,sharer
175,P175_5,31,1,9,9,10.06831410916888,control
175,P175_6,2,1,6,5,12.207086074478752,sharer
175,P175_7,17,1,6,5,13.883767702613664,sharer
175,P175_8,26,1,8,5,7.508255425712396,sharer
175,P175_9,7,0,4,2,11.010569385631948,sharer
175,P175_10,7,0,4,2,9.072478869514851,sharer
176,P176_1,28,0,4,4,16.063967493802686,sharer
176,P176_2,10,0,3,3,10.647976467071278,control
176,P176_3,38,0,4,4,12.5497577572282,sharer
176,P176_4,20,1,6,7,10.108838945481917,control
176,P176_5,37,1,8,9,5.033205355254548,control
176,P176_6,24,1,9,8,14.090507412070673,control
176,P176_7,15,1,5,5,8.14521932725501,sharer
176,P176_8,36,1,9,7,4.813020312552147,control
176,P176_9,1,0,3,4,10.684743913133605,control
176,P176_10,18,1,4,5,12.243533154645595,sharer
177,P177_1,1,0,5,3,5.704374606905581,control
177,P177_2,41,0,6,7,12.512997670950398,control
177,P177_3,50,1,7,7,7.203750750974891,sharer
177,P177_4,36,1,10,8,5.815682642849177,control
177,P177_5,0,1,4,5,10.564699692236712,sharer
177,P177_6,29,0,4,5,8.178056604502489,control
177,P177_7,18,1,6,6,3.931933443915483,control
177,P177_8,8,1,6,5,16.74190265520809,sharer
177,P177_9,25,1,6,6,12.205145605335844,sharer
177,P177_10,2,1,5,5,1.4492456119881196,control
178,P178_1,34,1,7,10,13.170800141955038,control
178,P178_2,33,0,5,4,4.662817058688743,sharer
178,P178_3,2,0,3,3,7.938257143790141,sharer
178,P178_4,21,0,3,5,15.442647495115466,sharer
178,P178_5,41,0,7,5,4.3181666700916015,control
178,P178_6,1,1,6,6,4.801339290284956,control
178,P178_7,4,1,5,7,14.874600574399103,control
178,P178_8,30,1,6,8,6.450371201501614,sharer
178,P178_9,6,0,3,2,15.07623689891682,control
178,P178_10,26,1,8,7,3.015441182413902,control
179,P179_1,46,1,8,8,4.25847616419612,control
179,P179_2,19,0,3,5,19.770882291434265,control
179,P179_3,17,0,3,4,16.480249844843033,control
179,P179_4,20,1,8,7,16.19977441009189,control
179,P179_5,48,1,7,6,3.3539062769986727,sharer
179,P179_6,22,1,8,9,9.966592315016062,control
179,P179_7,25,1,6,8,13.016566633043688,control
179,P179_8,5,0,5,3,13.179780003023295,control
179,P179_9,35,0,5,3,16.795746120944084,sharer
179,P179_10,49,1,6,7,11.351509860262771,sharer
180,P180_1,20,1,6,4,8.865983168382392,sharer
180,P180_2,31,0,5,5,6.289415041672452,control
180,P180_3,39,0,5,4,9.558115116779275,sharer
180,P180_4,3,1,5,6,12.122667095459471,sharer
180,P180_5,25,0,5,3,11.53854953571508,sharer
180,P180_6,19,0,3,3,14.331483680892571,sharer
180,P180_7,44,0,6,7,10.386738489092789,control
180,P180_8,29,0,5,5,17.10423625825978,control
180,P180_9,31,0,3,5,12.594908452658883,sharer
180,P180_10,41,0,5,5,11.756646273135285,sharer
181,P181_1,7,0,2,2,13.351205920655,sharer
181,P181_2,23,0,4,5,11.520056080672262,control
181,P181_3,39,1,7,8,9.586546753182802,control
181,P181_4,6,0,4,4,15.675360252492956,sharer
181,P181_5,1,1,6,5,4.815356629765478,control
181,P181_6,14,0,3,2,5.94546143244933,control
181,P181_7,3,1,6,5,7.008486207250184,control
181,P181_8,0,1,7,8,16.549850173355374,control
181,P181_9,8,1,6,7,5.71683881994733,control
181,P181_10,6,0,3,4,9.340444944265057,sharer
182,P182_1,20,1,5,5,15.578742610742225,sharer
182,P182_2,44,1,7,9,12.234007318023167,control
182,P182_3,46,0,6,4,3.1406605862657275,control
182,P182_4,27,0,6,6,3.3937766898116486,control
182,P182_5,14,1,6,6,15.419212730572891,sharer
182,P182_6,10,1,6,7,7.039036579702922,control
182,P182_7,5,1,7,7,14.22893775486865,control
182,P182_8,12,1,8,8,2.226138128997428,control
182,P182_9,46,0,5,5,6.802617382677645,sharer
182,P182_10,23,0,5,5,5.81178788219984,control
183,P183_1,34,1,5,6,8.683901009273288,sharer
183,P183_2,0,0,4,5,13.486290736307941,control
183,P183_3,44,1,6,8,10.816788694450768,sharer
183,P183_4,3,0,3,2,11.817060287683328,control
183,P183_5,16,0,3,3,8.551213233899794,sharer
183,P183_6,50,0,4,4,9.565090034299734,control
183,P183_7,2,1,9,6,10.78056575737893,control
183,P183_8,7,0,2,4,16.415786438838552,sharer
183,P183_9,3,1,9,7,16.29545110029559,control
183,P183_10,19,1,5,6,4.586253587652975,sharer
184,P184_1,4,1,7,6,7.6928272074900494,control
184,P184_2,16,0,4,3,7.169801400638843,sharer
184,P184_3,21,1,5,7,6.692302917259815,sharer
184,P184_4,44,0,4,4,13.164982056333116,control
184,P184_5,39,1,8,9,1.9626047299682687,control
184,P184_6,50,0,5,4,11.675777967736348,control
184,P184_7,24,1,6,8,15.082121523192528,control
184,P184_8,17,0,2,2,17.409212082923847,sharer
184,P184_9,44,0,3,5,17.656138993860655,sharer
184,P184_10,10,0,4,4,9.199978337257004,sharer
185,P185_1,8,0,2,3,14.779244766978904,sharer
185,P185_2,37,0,6,5,6.23358753368415,control
185,P185_3,29,1,7,5,13.0065023493786,sharer
185,P185_4,7,0,4,3,16.295871691643228,sharer
185,P185_5,8,0,2,2,10.577022542214904,control
185,P185_6,20,1,4,5,8.643453345569084,sharer
185,P185_7,9,1,5,6,12.318964440880704,control
185,P185_8,48,0,5,3,15.387481707341355,sharer
185,P185_9,37,1,7,7,8.640666379115771,sharer
185,P185_10,26,0,4,3,13.378928129574161,sharer
186,P186_1,40,1,7,6,5.925081805580268,sharer
186,P186_2,28,1,7,6,12.698715674516924,sharer
186,P186_3,42,0,5,5,7.127217531277344,control
186,P186_4,7,0,3,2,16.620247948335148,control
186,P186_5,33,0,4,4,13.842363989397867,sharer
186,P186_6,33,0,5,5,7.751432985692043,sharer
186,P186_7,15,0,2,4,11.310152917721087,sharer
186,P186_8,36,1,7,9,14.354099033807412,control
186,P186_9,30,0,4,4,11.775376803538638,control
186,P186_10,42,1,8,7,15.463431719594709,sharer
187,P187_1,31,0,4,6,17.00720847331549,control
187,P187_2,17,0,3,2,19.41381399300686,control
187,P187_3,20,0,2,4,15.937798003627204,control
187,P187_4,49,1,7,6,15.913637032215771,control
187,P187_5,46,1,10,7,3.3761115444121437,control
187,P187_6,30,1,7,5,12.035797627780035,sharer
187,P187_7,14,0,3,3,18.79065881302295,sharer
187,P187_8,5,1,5,6,5.024317007349348,sharer
187,P187_9,16,1,8,8,3.9334176513126495,control
187,P187_10,49,0,4,5,2.759363051732512,sharer
188,P188_1,18,1,5,5,6.245897773369895,sharer
188,P188_2,45,0,4,5,12.51458720162983,sharer
188,P188_3,5,1,7,6,2.771503813039925,control
188,P188_4,22,1,6,6,7.611169193835515,sharer
188,P188_5,35,1,8,8,1.0,control
188,P188_6,15,1,4,6,4.714896874789067,sharer
188,P188_7,42,1,7,7,10.842012125883993,control
188,P188_8,41,1,7,9,12.29801006439817,control
188,P188_9,47,1,8,8,1.8443584904404786,control
188,P188_10,13,0,2,3,19.143568863795007,sharer
189,P189_1,44,0,6,5,4.579780288881452,control
189,P189_2,4,0,3,4,19.941738785689544,sharer
189,P189_3,4,1,6,5,4.491904985973942,sharer
189,P189_4,31,1,9,8,10.924791207507338,control
189,P189_5,3,1,7,6,3.098640785543143,control
189,P189_6,13,1,5,6,7.124815923087466,sharer
189,P189_7,0,0,3,2,13.731694302836242,sharer
189,P189_8,42,1,8,7,10.117121141008724,control
189,P189_9,13,0,4,4,14.647265549193717,control
189,P189_10,29,0,5,5,2.7777722869851793,sharer
190,P190_1,24,1,7,8,3.976699830559649,control
190,P190_2,12,1,5,5,14.62158116893468,sharer
190,P190_3,31,0,5,6,11.79203692550088,control
190,P190_4,6,1,7,6,4.941509124385655,control
190,P190_5,21,1,5,6,13.373955646673394,sharer
190,P190_6,13,0,2,2,8.837517626055746,sharer
190,P190_7,37,1,8,8,11.743177334431627,sharer
190,P190_8,48,1,7,5,3.406556719363253,sharer
190,P190_9,33,1,7,6,3.6460102343217535,sharer
190,P190_10,32,0,4,5,10.57229816462355,control
191,P191_1,20,0,4,3,11.956250036910255,sharer
191,P191_2,48,1,10,8,9.108983440992173,control
191,P191_3,19,1,7,6,11.532284284436946,control
191,P191_4,45,0,4,3,16.6110940216187,sharer
191,P191_5,29,1,8,10,14.714847097971404,control
191,P191_6,41,0,3,4,6.4594184502403555,sharer
191,P191_7,9,1,4,6,1.9125878231369557,sharer
191,P191_8,32,1,8,8,14.581694813011467,sharer
191,P191_9,6,1,6,6,12.841732537938382,sharer
191,P191_10,8,1,6,6,5.450222706751287,sharer
192,P192_1,14,1,6,7,8.181158008202154,control
192,P192_2,23,1,7,6,13.850064058510046,sharer
192,P192_3,24,1,7,9,1.0,control
192,P192_4,28,1,8,6,2.694879277717833,sharer
192,P192_5,39,1,10,10,1.1170864497287099,control
192,P192_6,32,0,3,5,3.3551499866895647,sharer
192,P192_7,12,1,5,6,7.140962101720179,control
192,P192_8,49,1,8,6,1.0,sharer
192,P192_9,25,0,3,5,16.367191839994103,sharer
192,P192_10,12,1,5,6,13.900300885229305,control
193,P193_1,4,0,4,4,9.507546423676656,control
193,P193_2,17,1,4,6,7.332323210822935,sharer
193,P193_3,27,1,6,7,6.051618240411819,sharer
193,P193_4,10,1,7,7,2.7552338288045988,control
193,P193_5,43,0,6,6,14.44153687819637,control
193,P193_6,19,0,3,2,12.720306349935049,sharer
193,P193_7,36,0,4,5,3.401124761300325,sharer
193,P193_8,41,0,5,4,11.8929103488647,control
193,P193_9,6,1,8,7,12.429018755329777,control
193,P193_10,9,0,3,4,18.3104233593469,sharer
194,P194_1,29,0,6,7,6.448075275698705,control
194,P194_2,6,0,3,2,8.537753249508832,sharer
194,P194_3,47,1,6,7,14.748438857593932,sharer
194,P194_4,7,0,3,2,19.702067679029106,control
194,P194_5,15,1,4,6,13.32515126004321,sharer
194,P194_6,1,1,6,6,7.039920682205969,sharer
194,P194_7,29,0,4,5,15.808690518558464,sharer
194,P194_8,11,0,3,4,19.86692307784181,control
194,P194_9,17,0,2,3,15.922001778481219,sharer
194,P194_10,1,1,7,7,14.850452913310935,control
195,P195_1,30,0,3,3,3.6678092791267494,sharer
195,P195_2,42,0,6,6,17.727711976128866,control
195,P195_3,33,1,6,5,11.348460666326684,sharer
195,P195_4,28,0,3,5,6.965755589872857,sharer
195,P195_5,22,1,5,5,2.1118747859741664,sharer
195,P195_6,16,0,4,2,11.231841722493396,control
195,P195_7,7,1,5,8,15.386353049435105,control
195,P195_8,35,1,6,9,5.599391200467752,control
195,P195_9,5,1,6,7,8.185216270830985,control
195,P195_10,22,0,5,4,17.32402309970918,sharer
196,P196_1,27,0,4,5,14.07589378840399,sharer
196,P196_2,13,0,3,2,15.204144639948774,sharer
196,P196_3,9,0,4,3,6.6864292506747045,sharer
196,P196_4,25,0,5,7,15.66240255283935,control
196,P196_5,32,0,4,5,14.203979890044065,control
196,P196_6,27,1,6,7,10.567888129818991,control
196,P196_7,32,1,8,9,5.631661681871476,control
196,P196_8,21,0,5,6,3.1806612985089107,control
196,P196_9,3,0,4,2,7.7946287005903505,control
196,P196_10,28,1,6,8,2.931116193730095,sharer
197,P197_1,17,1,6,6,14.762887944253768,control
197,P197_2,23,0,3,4,8.635056911300008,control
197,P197_3,6,0,3,4,5.401834763690797,sharer
197,P197_4,3,0,4,4,14.46751417844875,control
197,P197_5,41,0,5,4,4.2628138065378725,control
197,P197_6,24,1,7,6,13.024821747821163,sharer
197,P197_7,46,0,5,5,5.2322152155218795,sharer
197,P197_8,27,1,6,7,4.414922326320057,sharer
197,P197_9,12,1,6,8,10.4902262421517,control
197,P197_10,18,0,3,4,16.467368622012405,sharer
198,P198_1,12,1,5,5,5.749186883904433,sharer
198,P198_2,25,0,4,4,14.893929774737071,sharer
198,P198_3,11,0,4,4,19.42863060342725,control
198,P198_4,38,0,5,5,9.548841227430154,sharer
198,P198_5,17,1,7,6,5.988827408721724,control
198,P198_6,33,0,5,4,16.73022750945714,control
198,P198_7,38,0,3,4,13.466206789324435,control
198,P198_8,31,0,4,4,12.094630445697405,control
198,P198_9,33,0,6,7,12.762551278572014,control
198,P198_10,27,1,6,7,12.917004251201671,control
199,P199_1,6,0,4,4,17.967398740210164,control
199,P199_2,43,1,5,8,2.1225141064740973,sharer
199,P199_3,3,1,5,4,10.259988357117404,sharer
199,P199_4,41,1,7,8,1.0,control
199,P199_5,15,0,4,4,14.852764610056767,control
199,P199_6,7,1,6,6,6.649878648847032,control
199,P199_7,14,1,4,5,10.438430327583578,control
199,P199_8,7,1,6,5,13.95316856161405,control
199,P199_9,3,0,3,3,13.643479651312886,sharer
199,P199_10,2,0,3,5,13.864019213733137,control
200,P200_1,36,1,6,8,10.49760742621254,control
200,P200_2,17,1,7,4,14.67989349067825,control
200,P200_3,15,1,5,6,4.214906295242416,control
200,P200_4,4,1,7,5,9.588160288799958,control
200,P200_5,34,1,7,5,5.923958792167081,sharer
200,P200_6,6,0,3,4,11.905733901166597,control
200,P200_7,17,0,3,4,12.956268288355151,control
200,P200_8,14,1,5,6,8.889339211619227,sharer
200,P200_9,39,1,7,6,13.914877816394794,sharer
200,P200_10,44,1,5,6,11.237681429063388,sharer
