"","screen_time","content_type","attention_score"
"1",7.9867618153803,"Educational",78.8449932516455
"2",2.92148821195588,"Educational",89.5710088232252
"3",1.63416404137388,"Educational",97.9968783502259
"4",3.7492109911982,"Mixed",79.0662301391026
"5",2.14588945941068,"Educational",94.0271146231095
"6",5.60166420647874,"Mixed",65.4142203332309
"7",5.43038532463834,"Educational",84.9370427527288
"8",6.60999828157946,"Mixed",62.0255621215444
"9",7.95531871030107,"Entertainment",23.0414858716943
"10",5.88470367551781,"Entertainment",43.4114884933056
"11",7.19336648262106,"Educational",77.3422863164146
"12",7.60015590419061,"Mixed",50.4161686759199
"13",1.9635258000344,"Entertainment",76.6273182075793
"14",4.18524096859619,"Educational",91.6887975491916
"15",5.49002682510763,"Entertainment",51.2152448982513
"16",3.1977289407514,"Entertainment",70.6087376750042
"17",5.45168076292612,"Mixed",69.5204583102416
"18",1.06094803637825,"Entertainment",90.4094881263807
"19",4.25121284462512,"Mixed",78.463932803517
"20",2.83660793863237,"Mixed",85.371592629473
"21",5.97586954198778,"Entertainment",44.188489396884
"22",4.59957341616973,"Mixed",69.7529294959955
"23",3.5551338957157,"Educational",90.9259670020513
"24",4.19574547349475,"Entertainment",59.3726814307936
"25",3.10992250824347,"Educational",88.6373299276213
"26",1.21455974527635,"Entertainment",85.0651040344294
"27",7.77763402019627,"Educational",71.6853535328643
"28",4.27868689666502,"Entertainment",64.7236050731288
"29",3.1403322017286,"Educational",87.8187704400281
"30",3.62511284509674,"Entertainment",69.7444195414553
"31",4.21092517627403,"Educational",87.5741674880263
"32",4.82926549040712,"Educational",88.8936652510937
"33",3.80534135294147,"Educational",89.0278646050972
"34",5.91943736630492,"Educational",81.1920959344566
"35",5.42829894367605,"Mixed",64.6834015071822
"36",3.9515232720878,"Entertainment",64.9473619686679
"37",1.11802334664389,"Entertainment",88.6246176332047
"38",7.6638715073932,"Mixed",47.2497638240329
"39",5.09185089333914,"Educational",88.5209463915701
"40",5.36399232409894,"Entertainment",52.4902394227091
"41",3.91232398082502,"Educational",78.2707485099597
"42",6.08393931481987,"Entertainment",37.4075054795629
"43",4.3150579072535,"Entertainment",61.6563621931464
"44",1.53495419607498,"Entertainment",81.1151538957257
"45",5.19579352275468,"Entertainment",53.0023594077138
"46",3.22674826392904,"Mixed",78.2170599485072
"47",5.20713680842891,"Educational",80.179271331702
"48",3.1897000328172,"Entertainment",63.8630580417077
"49",6.52462298469618,"Educational",80.585640861599
"50",6.9351687815506,"Mixed",52.9849043833875
"51",3.65320585179143,"Entertainment",60.0219097711283
"52",1.95613773353398,"Mixed",93.1267489729457
"53",3.63429001276381,"Mixed",69.0548036860986
"54",2.25801631156355,"Entertainment",72.3117824396003
"55",3.04807750508189,"Mixed",72.0454528415341
"56",6.97856165235862,"Educational",79.2266803285766
"57",7.48825564025901,"Entertainment",37.4029133428717
"58",1.52470024093054,"Educational",101.545567735421
"59",3.5387923666276,"Mixed",85.3250908030063
"60",5.91982625797391,"Educational",89.4895230808065
"61",5.67562324763276,"Entertainment",41.8163221151989
"62",2.03296351409517,"Entertainment",84.7319524270697
"63",1.59577258070931,"Entertainment",88.0055376643557
"64",4.74372320109978,"Mixed",72.1218416857898
"65",5.99040838051587,"Mixed",52.6280133554994
"66",4.01622190116905,"Entertainment",67.7380319784747
"67",4.59678674465977,"Educational",95.4273244519913
"68",3.07711594435386,"Entertainment",74.4858849985507
"69",2.12245462881401,"Mixed",97.9916845634489
"70",4.77689904510044,"Entertainment",51.655483936556
"71",4.27027662843466,"Educational",88.3636710365276
"72",2.07687182514928,"Entertainment",79.3232111085883
"73",7.52166920900345,"Entertainment",28.527593047812
"74",5.6649217470549,"Educational",82.5743335575657
"75",4.64982317248359,"Educational",89.6141583017362
"76",7.53492590179667,"Entertainment",35.6199677860479
"77",6.36841643019579,"Educational",74.2547926533523
"78",3.75301252375357,"Educational",91.0741976845365
"79",5.74569119466469,"Educational",80.3402863707939
"80",6.65792163414881,"Mixed",59.4521919665487
"81",4.68882673769258,"Mixed",72.2574242210437
"82",1.78355552977882,"Mixed",89.6485868051741
"83",7.67966039734893,"Entertainment",34.9836381144592
"84",1.20437424071133,"Mixed",92.7947968476782
"85",2.08351037092507,"Entertainment",77.2252852943637
"86",2.43800717941485,"Entertainment",73.8612688488468
"87",7.29974747914821,"Mixed",62.4673261609425
"88",6.41736243921332,"Mixed",64.0851045234782
"89",7.77370907808654,"Entertainment",24.344683591297
"90",6.46286141662858,"Educational",85.786369669134
"91",7.79381806193851,"Mixed",53.8214578734802
"92",1.25848023593426,"Educational",103.209561964066
"93",4.41718291211873,"Entertainment",71.3904948643292
"94",4.7477055892814,"Entertainment",58.4920463807203
"95",3.55688091507182,"Entertainment",66.552286575194
"96",3.99988860590383,"Entertainment",65.2165043562673
"97",7.38615204300731,"Educational",86.5408731998431
"98",1.49384258966893,"Mixed",92.2237298595703
"99",4.8786819127854,"Mixed",72.4579582397093
"100",5.8157664986793,"Educational",89.2818471730028
"101",6.49920539837331,"Mixed",63.0785922185728
"102",3.4176359672565,"Educational",92.5897349087955
"103",4.0487298227381,"Educational",89.384272962974
"104",4.02841784711927,"Educational",85.9851394406399
"105",2.28048839280382,"Mixed",88.7758140338429
"106",1.09366434114054,"Mixed",95.6346753951483
"107",5.66587145463564,"Entertainment",46.767493388198
"108",6.90315338666551,"Educational",83.0520253841972
"109",6.9487332534045,"Entertainment",34.6285714522442
"110",5.89965970092453,"Mixed",66.4716188969266
"111",5.00620976556093,"Educational",82.6443774807117
"112",5.23098324541934,"Entertainment",59.5498334944114
"113",5.59788523381576,"Educational",81.5010575769197
"114",3.44239215529524,"Entertainment",66.1530577063248
"115",4.30772156780586,"Entertainment",65.2814421642051
"116",3.41346084699035,"Mixed",79.8950437070935
"117",5.58472870453261,"Mixed",68.1421862115373
"118",5.12891479348764,"Entertainment",48.2710143150724
"119",2.49751910474151,"Mixed",92.4591284774413
"120",2.89383484935388,"Mixed",78.9471315040511
"121",1.60500559560023,"Entertainment",86.2836353474188
"122",5.93938015960157,"Mixed",57.3235146499554
"123",6.27340072346851,"Mixed",65.0911043255377
"124",6.73003810807131,"Entertainment",42.8474939991105
"125",7.58785017882474,"Mixed",58.4907925864699
"126",7.44161202129908,"Educational",86.0133712983256
"127",4.47813677508384,"Mixed",79.8646181410654
"128",2.5746387001127,"Entertainment",80.8873346080386
"129",6.7041104468517,"Entertainment",39.6899901812206
"130",4.44249770278111,"Mixed",80.1264204507366
"131",6.01085074618459,"Entertainment",48.8142041854431
"132",4.88376714102924,"Educational",88.0004277559818
"133",6.77958513237536,"Mixed",57.8967991726247
"134",2.24868928897195,"Mixed",80.2246479611353
"135",4.74580273847096,"Entertainment",61.499799023391
"136",6.02508496749215,"Entertainment",45.7711009121382
"137",7.85104775475338,"Entertainment",29.6017819692147
"138",5.32242602389306,"Mixed",72.0517728299891
"139",3.85822356445715,"Mixed",70.7285056568207
"140",2.35982660902664,"Entertainment",71.3275368069424
"141",2.19438585476018,"Entertainment",88.0952090416918
"142",2.46251282421872,"Mixed",84.5416766738961
"143",4.67144065885805,"Educational",84.3359489761556
"144",5.77214480191469,"Mixed",65.3498398602492
"145",2.73847427777946,"Mixed",84.9101452697563
"146",6.0060634186957,"Mixed",74.3622736322547
"147",3.70440885564312,"Educational",86.6194607797049
"148",7.4483060981147,"Mixed",57.5183931374254
"149",3.56629717163742,"Mixed",81.8496763944411
"150",4.66415854170918,"Mixed",65.8832757724192
