participant_id,condition,video_type,platform,deepfake_true,deepfake_perceived,correct,reaction_time_ms,engagement_rating,EEG_attention,content_recall
1,Unfamiliar,Entertainment,YouTube,0,0,1,1292,4.3,0.553,0
1,Familiar,Entertainment,YouTube,0,0,1,909,6.6,0.45,0
1,Familiar,Educational,YouTube,0,1,0,1041,7.5,0.709,0
1,Unfamiliar,Entertainment,YouTube,1,1,1,898,7.1,0.571,1
1,Unfamiliar,Educational,YouTube,1,1,1,616,5.8,0.785,0
1,Familiar,Entertainment,YouTube,1,1,1,1060,8.0,0.537,1
1,Unfamiliar,Entertainment,Instagram,1,1,1,576,5.4,0.514,0
1,Unfamiliar,Entertainment,TikTok,1,1,1,674,7.1,0.513,0
1,Familiar,Entertainment,YouTube,1,0,0,727,4.2,0.634,0
1,Familiar,Political,YouTube,0,0,1,727,5.1,0.653,1
1,Familiar,Educational,Instagram,1,0,0,820,7.4,0.761,1
1,Unfamiliar,Educational,TikTok,1,1,1,985,6.8,0.691,1
2,Familiar,Entertainment,YouTube,1,1,1,528,8.4,0.706,0
2,Familiar,Entertainment,YouTube,1,1,1,929,7.0,0.608,1
2,Familiar,Entertainment,Instagram,0,0,1,1478,7.1,0.464,1
2,Unfamiliar,Political,Instagram,1,1,1,953,6.0,0.342,0
2,Familiar,Entertainment,YouTube,0,0,1,436,6.9,0.748,1
2,Familiar,Political,TikTok,0,1,0,1886,8.9,0.42,0
2,Unfamiliar,Educational,TikTok,1,0,0,512,5.8,0.542,0
2,Unfamiliar,Entertainment,YouTube,0,0,1,925,6.2,0.68,1
2,Unfamiliar,Entertainment,YouTube,0,0,1,1477,4.1,0.807,1
2,Unfamiliar,Educational,YouTube,0,0,1,2379,3.5,0.764,1
2,Unfamiliar,Educational,TikTok,0,0,1,904,5.5,0.732,1
2,Unfamiliar,Educational,Instagram,1,1,1,553,3.3,0.61,0
3,Unfamiliar,Entertainment,Instagram,1,1,1,494,5.1,0.558,0
3,Familiar,Entertainment,Instagram,0,0,1,2141,8.3,0.396,0
3,Familiar,Entertainment,YouTube,0,0,1,944,5.0,0.567,0
3,Familiar,Educational,TikTok,0,1,0,707,9.1,0.531,1
3,Familiar,Educational,YouTube,0,0,1,1259,6.2,0.375,0
3,Unfamiliar,Political,TikTok,1,1,1,1936,5.4,0.528,0
3,Familiar,Educational,YouTube,1,1,1,853,6.9,0.441,1
3,Familiar,Political,Instagram,1,1,1,560,6.8,0.607,1
3,Familiar,Educational,YouTube,0,1,0,1545,4.5,0.704,1
3,Familiar,Entertainment,Instagram,1,1,1,1100,6.6,0.434,0
3,Familiar,Entertainment,YouTube,1,1,1,676,7.1,0.652,1
3,Familiar,Educational,TikTok,0,0,1,966,7.6,0.415,0
4,Familiar,Educational,TikTok,0,0,1,896,6.6,0.487,0
4,Unfamiliar,Political,YouTube,1,1,1,1234,6.2,0.839,1
4,Unfamiliar,Entertainment,Instagram,0,0,1,708,6.7,0.552,0
4,Unfamiliar,Entertainment,Instagram,0,0,1,778,7.7,0.597,1
4,Unfamiliar,Entertainment,TikTok,0,1,0,648,6.1,0.657,1
4,Familiar,Educational,YouTube,0,0,1,388,8.4,0.527,1
4,Familiar,Entertainment,TikTok,0,1,0,971,5.8,0.647,1
4,Familiar,Entertainment,TikTok,0,0,1,761,8.9,0.669,1
4,Unfamiliar,Educational,YouTube,0,1,0,690,5.8,0.661,0
4,Familiar,Educational,YouTube,1,1,1,898,6.2,0.528,1
4,Familiar,Educational,Instagram,1,0,0,771,6.6,0.774,0
4,Unfamiliar,Entertainment,YouTube,1,0,0,887,6.8,0.534,1
5,Unfamiliar,Political,Instagram,0,0,1,1059,5.1,0.649,1
5,Unfamiliar,Entertainment,TikTok,0,0,1,374,6.1,0.52,0
5,Familiar,Entertainment,Instagram,0,1,0,543,7.7,0.715,1
5,Unfamiliar,Educational,TikTok,1,1,1,601,4.5,0.903,1
5,Unfamiliar,Educational,YouTube,1,1,1,498,5.9,0.591,1
5,Unfamiliar,Educational,TikTok,1,0,0,1025,5.3,0.544,1
5,Familiar,Entertainment,TikTok,0,1,0,587,7.3,0.618,0
5,Familiar,Entertainment,Instagram,0,0,1,1132,7.9,0.802,1
5,Familiar,Educational,Instagram,0,1,0,565,7.4,0.646,1
5,Unfamiliar,Educational,Instagram,0,0,1,849,6.5,0.342,0
5,Unfamiliar,Political,Instagram,1,1,1,887,6.3,0.736,1
5,Unfamiliar,Educational,TikTok,1,1,1,1289,6.9,0.586,0
6,Unfamiliar,Entertainment,Instagram,1,0,0,1190,8.2,0.516,1
6,Unfamiliar,Educational,TikTok,0,1,0,417,4.5,0.395,0
6,Unfamiliar,Political,YouTube,0,1,0,514,6.7,0.569,0
6,Unfamiliar,Entertainment,Instagram,1,1,1,974,5.8,0.555,0
6,Unfamiliar,Entertainment,YouTube,1,1,1,1388,6.0,0.428,0
6,Familiar,Entertainment,TikTok,1,1,1,1408,5.0,0.487,0
6,Unfamiliar,Educational,TikTok,1,1,1,1365,4.5,0.683,0
6,Familiar,Educational,TikTok,0,0,1,1060,6.9,0.484,0
6,Familiar,Political,TikTok,1,1,1,476,4.7,0.435,0
6,Unfamiliar,Entertainment,YouTube,1,0,0,616,5.1,0.382,0
6,Familiar,Educational,YouTube,0,0,1,821,6.4,0.572,0
6,Unfamiliar,Educational,Instagram,0,1,0,577,6.9,0.702,1
7,Unfamiliar,Educational,Instagram,0,0,1,741,5.8,0.43,1
7,Unfamiliar,Entertainment,Instagram,1,1,1,1235,3.9,0.524,0
7,Familiar,Entertainment,YouTube,0,0,1,887,6.9,0.486,0
7,Unfamiliar,Entertainment,Instagram,0,1,0,1897,6.6,0.719,1
7,Unfamiliar,Political,YouTube,0,0,1,1953,7.4,0.795,1
7,Familiar,Political,Instagram,0,0,1,740,5.8,0.672,1
7,Familiar,Political,YouTube,1,1,1,677,6.5,0.582,0
7,Unfamiliar,Entertainment,Instagram,1,1,1,1401,5.1,0.52,0
7,Familiar,Educational,YouTube,1,0,0,1079,7.2,0.497,0
7,Unfamiliar,Educational,TikTok,1,0,0,2425,6.5,0.574,1
7,Unfamiliar,Political,Instagram,1,0,0,1401,4.6,0.623,0
7,Familiar,Educational,TikTok,1,1,1,515,6.4,0.598,1
8,Unfamiliar,Entertainment,TikTok,0,0,1,1320,5.6,0.375,0
8,Unfamiliar,Political,TikTok,0,0,1,928,6.1,0.371,0
8,Familiar,Educational,YouTube,1,0,0,785,7.6,0.399,0
8,Familiar,Political,Instagram,1,1,1,413,5.1,0.315,0
8,Familiar,Political,YouTube,0,0,1,705,5.9,0.584,0
8,Familiar,Educational,Instagram,0,0,1,1080,6.8,0.403,0
8,Unfamiliar,Educational,YouTube,0,0,1,625,7.7,0.748,1
8,Unfamiliar,Political,TikTok,1,1,1,837,7.2,0.457,0
8,Familiar,Educational,TikTok,0,0,1,546,5.3,0.413,0
8,Unfamiliar,Educational,TikTok,1,1,1,487,6.3,0.849,0
8,Unfamiliar,Entertainment,Instagram,0,0,1,831,6.8,0.64,0
8,Unfamiliar,Educational,YouTube,0,0,1,1970,6.5,0.574,1
9,Familiar,Entertainment,TikTok,0,0,1,602,7.2,0.669,1
9,Familiar,Entertainment,YouTube,0,0,1,583,7.5,0.558,1
9,Familiar,Entertainment,YouTube,1,1,1,1281,7.7,0.523,0
9,Familiar,Educational,TikTok,1,1,1,775,8.2,0.571,1
9,Unfamiliar,Political,Instagram,0,1,0,1052,7.0,0.853,0
9,Unfamiliar,Political,YouTube,1,1,1,2102,7.2,0.592,0
9,Familiar,Educational,TikTok,0,0,1,567,5.1,0.768,0
9,Familiar,Political,TikTok,0,0,1,947,4.1,0.632,1
9,Familiar,Educational,Instagram,1,1,1,732,6.1,0.569,0
9,Unfamiliar,Educational,TikTok,0,1,0,792,6.8,0.663,0
9,Unfamiliar,Entertainment,Instagram,0,0,1,820,6.9,0.586,1
9,Unfamiliar,Educational,Instagram,0,0,1,486,5.8,0.703,1
10,Unfamiliar,Educational,TikTok,0,1,0,1465,5.4,0.722,1
10,Familiar,Educational,YouTube,0,0,1,685,5.9,0.504,0
10,Familiar,Educational,YouTube,0,1,0,1512,7.6,0.484,0
10,Familiar,Educational,Instagram,1,1,1,703,6.6,0.803,1
10,Familiar,Entertainment,YouTube,0,0,1,641,8.4,0.518,0
10,Unfamiliar,Educational,YouTube,1,1,1,993,6.0,0.569,1
10,Familiar,Educational,TikTok,1,1,1,2670,4.7,0.666,0
10,Unfamiliar,Entertainment,TikTok,1,1,1,648,5.1,0.559,1
10,Unfamiliar,Educational,Instagram,0,0,1,872,5.3,0.566,0
10,Unfamiliar,Political,Instagram,0,1,0,1011,5.8,0.402,1
10,Familiar,Educational,Instagram,0,0,1,1429,5.5,0.659,0
10,Unfamiliar,Entertainment,YouTube,1,1,1,1974,6.2,0.626,0
11,Unfamiliar,Entertainment,TikTok,0,0,1,991,7.0,0.494,0
11,Familiar,Educational,Instagram,1,1,1,1997,6.6,0.91,1
11,Familiar,Educational,Instagram,0,1,0,589,6.2,0.578,0
11,Unfamiliar,Educational,Instagram,1,1,1,704,5.8,0.684,1
11,Unfamiliar,Educational,YouTube,0,1,0,1087,6.2,0.466,0
11,Unfamiliar,Entertainment,TikTok,1,0,0,1585,8.8,0.688,1
11,Familiar,Entertainment,Instagram,0,0,1,707,5.7,0.452,0
11,Unfamiliar,Educational,YouTube,0,0,1,836,5.7,0.593,1
11,Unfamiliar,Entertainment,TikTok,0,0,1,1156,6.3,0.634,1
11,Familiar,Entertainment,TikTok,0,0,1,1058,6.8,0.416,1
11,Unfamiliar,Entertainment,TikTok,0,0,1,1239,5.1,0.614,1
11,Familiar,Entertainment,Instagram,1,0,0,1078,7.2,0.604,1
12,Unfamiliar,Educational,TikTok,0,1,0,1371,5.6,0.814,1
12,Unfamiliar,Political,YouTube,1,0,0,1049,4.9,0.809,1
12,Unfamiliar,Educational,TikTok,1,0,0,505,6.6,0.603,1
12,Familiar,Educational,YouTube,1,1,1,756,5.5,0.439,0
12,Familiar,Entertainment,YouTube,1,1,1,608,9.3,0.59,1
12,Familiar,Political,YouTube,1,0,0,754,6.9,0.71,1
12,Familiar,Entertainment,TikTok,1,1,1,782,9.2,0.468,0
12,Unfamiliar,Entertainment,YouTube,0,0,1,1745,4.3,0.58,0
12,Familiar,Educational,YouTube,0,0,1,570,7.9,0.469,0
12,Familiar,Educational,Instagram,1,1,1,517,7.0,0.455,0
12,Unfamiliar,Educational,TikTok,1,1,1,1313,6.1,0.515,1
12,Unfamiliar,Entertainment,YouTube,0,1,0,432,5.4,0.42,0
13,Familiar,Political,Instagram,0,0,1,814,5.0,0.459,0
13,Unfamiliar,Entertainment,YouTube,0,0,1,594,6.7,0.544,1
13,Unfamiliar,Educational,Instagram,0,0,1,656,5.8,0.837,1
13,Familiar,Entertainment,TikTok,0,0,1,631,6.1,0.424,0
13,Unfamiliar,Entertainment,YouTube,0,0,1,519,6.0,0.365,0
13,Unfamiliar,Educational,YouTube,0,1,0,552,6.0,0.454,0
13,Familiar,Political,TikTok,0,1,0,602,6.4,0.438,1
13,Unfamiliar,Entertainment,TikTok,0,0,1,526,8.0,0.698,0
13,Familiar,Entertainment,Instagram,1,0,0,493,6.1,0.571,1
13,Familiar,Political,Instagram,1,1,1,547,10.0,0.686,0
13,Unfamiliar,Educational,YouTube,0,0,1,726,7.7,0.552,1
13,Familiar,Entertainment,YouTube,1,1,1,571,7.7,0.794,0
14,Unfamiliar,Entertainment,YouTube,0,0,1,1406,6.3,0.506,1
14,Unfamiliar,Educational,YouTube,0,0,1,1362,3.1,0.369,1
14,Unfamiliar,Entertainment,Instagram,1,0,0,1131,6.6,0.41,0
14,Familiar,Entertainment,TikTok,1,1,1,719,6.5,0.564,1
14,Familiar,Entertainment,Instagram,0,0,1,1106,6.5,0.391,0
14,Unfamiliar,Educational,Instagram,0,1,0,715,5.3,0.338,0
14,Unfamiliar,Educational,TikTok,1,1,1,1846,9.5,0.535,1
14,Familiar,Entertainment,YouTube,1,1,1,422,7.7,0.411,0
14,Unfamiliar,Political,YouTube,1,0,0,727,4.7,0.513,0
14,Unfamiliar,Political,TikTok,1,1,1,999,6.5,0.749,1
14,Familiar,Educational,TikTok,1,1,1,2361,7.3,0.669,1
14,Unfamiliar,Political,Instagram,0,0,1,829,3.3,0.679,0
15,Unfamiliar,Political,TikTok,1,0,0,768,6.5,0.684,0
15,Unfamiliar,Entertainment,YouTube,0,0,1,393,4.3,0.861,1
15,Unfamiliar,Entertainment,TikTok,0,0,1,972,6.8,0.685,0
15,Familiar,Educational,TikTok,1,0,0,1934,6.5,0.783,0
15,Unfamiliar,Educational,TikTok,0,0,1,895,6.5,0.69,0
15,Unfamiliar,Educational,YouTube,1,1,1,681,5.3,0.53,0
15,Unfamiliar,Educational,TikTok,1,1,1,687,5.0,0.452,0
15,Familiar,Educational,YouTube,0,0,1,715,5.4,0.352,0
15,Familiar,Entertainment,YouTube,1,1,1,1173,6.8,0.319,0
15,Familiar,Educational,TikTok,1,0,0,878,5.7,0.573,0
15,Familiar,Entertainment,YouTube,0,1,0,427,7.4,0.386,1
15,Familiar,Entertainment,Instagram,0,1,0,524,7.5,0.446,0
16,Unfamiliar,Entertainment,TikTok,0,0,1,1278,7.0,0.411,1
16,Familiar,Educational,Instagram,1,1,1,1792,6.9,0.727,1
16,Familiar,Entertainment,TikTok,0,0,1,1083,7.2,0.634,1
16,Unfamiliar,Political,Instagram,0,0,1,1354,4.1,0.316,0
16,Familiar,Educational,Instagram,1,0,0,880,7.4,0.549,0
16,Unfamiliar,Entertainment,TikTok,1,0,0,622,5.8,0.552,0
16,Familiar,Entertainment,YouTube,0,0,1,894,7.5,0.43,0
16,Unfamiliar,Educational,YouTube,1,1,1,458,6.0,0.824,1
16,Unfamiliar,Educational,TikTok,1,0,0,694,6.4,0.736,0
16,Unfamiliar,Entertainment,TikTok,0,0,1,686,7.1,0.734,1
16,Familiar,Political,TikTok,0,0,1,629,4.1,0.443,0
16,Unfamiliar,Political,YouTube,0,0,1,557,4.5,0.684,0
17,Familiar,Educational,TikTok,0,0,1,918,4.6,0.526,0
17,Unfamiliar,Entertainment,TikTok,0,0,1,1265,5.2,0.466,0
17,Familiar,Educational,TikTok,1,0,0,613,7.9,0.658,0
17,Unfamiliar,Educational,Instagram,0,0,1,1958,5.3,0.606,1
17,Familiar,Entertainment,TikTok,1,1,1,762,8.3,0.469,0
17,Unfamiliar,Entertainment,TikTok,0,0,1,1336,6.7,0.528,0
17,Familiar,Entertainment,YouTube,1,1,1,1005,5.8,0.763,0
17,Familiar,Political,TikTok,0,0,1,1228,6.4,0.488,0
17,Unfamiliar,Educational,YouTube,1,0,0,773,5.3,0.57,1
17,Familiar,Entertainment,TikTok,0,1,0,579,5.4,0.555,0
17,Unfamiliar,Political,Instagram,1,1,1,1535,5.3,0.304,1
17,Unfamiliar,Educational,YouTube,0,0,1,1778,6.1,0.619,1
18,Unfamiliar,Entertainment,Instagram,1,1,1,1293,5.4,0.529,0
18,Unfamiliar,Political,YouTube,0,1,0,1498,3.7,0.559,1
18,Familiar,Entertainment,YouTube,0,0,1,1081,6.8,0.753,1
18,Unfamiliar,Political,Instagram,0,0,1,997,5.9,0.459,0
18,Unfamiliar,Educational,TikTok,0,1,0,1029,4.6,0.478,0
18,Familiar,Entertainment,YouTube,0,1,0,1102,4.2,0.632,1
18,Unfamiliar,Educational,Instagram,1,1,1,603,3.8,0.497,0
18,Unfamiliar,Entertainment,Instagram,1,1,1,1748,5.8,0.655,0
18,Familiar,Entertainment,TikTok,0,0,1,639,6.2,0.617,0
18,Unfamiliar,Entertainment,YouTube,0,0,1,1562,5.3,0.583,1
18,Familiar,Entertainment,TikTok,0,0,1,1795,8.1,0.432,1
18,Familiar,Political,TikTok,1,0,0,924,7.5,0.307,1
19,Familiar,Political,TikTok,0,0,1,986,7.6,0.67,1
19,Familiar,Entertainment,YouTube,0,0,1,543,6.8,0.522,0
19,Unfamiliar,Educational,YouTube,0,0,1,1354,7.8,0.368,0
19,Familiar,Educational,Instagram,0,0,1,670,6.1,0.559,1
19,Familiar,Political,Instagram,1,1,1,670,7.6,0.471,0
19,Unfamiliar,Educational,Instagram,0,0,1,1507,6.8,0.481,0
19,Familiar,Political,TikTok,0,0,1,660,6.1,0.526,0
19,Unfamiliar,Educational,Instagram,0,0,1,725,7.8,0.461,0
19,Unfamiliar,Political,Instagram,1,1,1,1007,7.2,0.602,0
19,Familiar,Educational,YouTube,1,1,1,855,6.2,0.541,1
19,Familiar,Political,TikTok,0,0,1,986,6.9,0.529,0
19,Unfamiliar,Entertainment,TikTok,0,0,1,619,5.7,0.512,0
20,Familiar,Entertainment,TikTok,0,0,1,1203,8.4,0.624,1
20,Familiar,Political,TikTok,0,0,1,849,6.7,0.427,0
20,Familiar,Political,Instagram,0,0,1,587,3.3,0.549,0
20,Familiar,Entertainment,Instagram,0,0,1,443,7.7,0.451,0
20,Familiar,Entertainment,Instagram,1,1,1,907,9.0,0.423,1
20,Unfamiliar,Entertainment,YouTube,1,1,1,574,5.1,0.662,1
20,Unfamiliar,Educational,YouTube,0,0,1,614,8.3,0.786,1
20,Familiar,Entertainment,TikTok,0,1,0,822,8.2,0.686,0
20,Familiar,Entertainment,TikTok,1,1,1,759,9.8,0.566,0
20,Unfamiliar,Educational,TikTok,0,0,1,993,5.6,0.643,1
20,Unfamiliar,Educational,TikTok,0,0,1,449,7.7,0.75,1
20,Unfamiliar,Educational,YouTube,1,1,1,1459,4.7,0.496,1
21,Familiar,Entertainment,TikTok,1,1,1,1221,6.9,0.518,0
21,Familiar,Entertainment,TikTok,0,1,0,603,8.8,0.508,0
21,Unfamiliar,Entertainment,YouTube,0,0,1,1169,7.1,0.681,1
21,Familiar,Educational,YouTube,1,1,1,1224,9.9,0.687,1
21,Familiar,Entertainment,TikTok,0,1,0,1122,7.0,0.626,0
21,Familiar,Educational,Instagram,1,1,1,1286,6.1,0.596,0
21,Unfamiliar,Educational,TikTok,0,0,1,1663,6.6,0.684,0
21,Familiar,Political,YouTube,1,0,0,917,7.8,0.592,1
21,Unfamiliar,Educational,TikTok,1,1,1,519,4.0,0.691,0
21,Unfamiliar,Political,Instagram,1,0,0,725,5.6,0.687,1
21,Familiar,Educational,YouTube,0,1,0,1236,5.9,0.641,1
21,Familiar,Political,YouTube,0,0,1,740,7.2,0.585,1
22,Unfamiliar,Educational,YouTube,1,1,1,807,4.5,0.55,0
22,Familiar,Educational,Instagram,1,1,1,1027,5.5,0.653,0
22,Familiar,Entertainment,Instagram,0,1,0,900,8.3,0.818,0
22,Unfamiliar,Political,Instagram,1,1,1,1090,6.1,0.586,0
22,Unfamiliar,Educational,Instagram,0,0,1,609,4.8,0.497,0
22,Unfamiliar,Political,Instagram,0,0,1,973,7.2,0.68,0
22,Familiar,Entertainment,TikTok,0,0,1,1416,5.3,0.467,0
22,Familiar,Entertainment,Instagram,0,0,1,447,7.0,0.497,0
22,Unfamiliar,Political,TikTok,0,0,1,650,4.3,0.721,0
22,Familiar,Educational,TikTok,0,0,1,1845,7.3,0.362,0
22,Unfamiliar,Educational,Instagram,1,1,1,1512,4.3,0.701,1
22,Familiar,Entertainment,TikTok,1,1,1,1496,8.6,0.289,1
23,Familiar,Entertainment,TikTok,1,0,0,1349,8.3,0.421,0
23,Familiar,Educational,TikTok,1,1,1,769,5.7,0.591,0
23,Familiar,Entertainment,TikTok,1,1,1,917,4.9,0.628,1
23,Familiar,Educational,YouTube,0,1,0,1119,7.8,0.763,0
23,Familiar,Educational,Instagram,0,0,1,767,8.8,0.542,0
23,Unfamiliar,Educational,Instagram,1,1,1,1032,6.0,0.293,0
23,Familiar,Entertainment,YouTube,1,0,0,873,7.4,0.558,0
23,Familiar,Political,YouTube,0,0,1,947,6.4,0.512,0
23,Familiar,Entertainment,YouTube,1,1,1,1257,5.8,0.35,0
23,Familiar,Educational,TikTok,0,1,0,643,6.1,0.708,0
23,Unfamiliar,Educational,YouTube,1,0,0,1438,6.2,0.675,0
23,Familiar,Entertainment,TikTok,0,0,1,623,6.2,0.673,1
24,Unfamiliar,Educational,TikTok,0,0,1,849,6.0,0.614,0
24,Familiar,Entertainment,TikTok,0,1,0,477,6.9,0.739,0
24,Unfamiliar,Educational,YouTube,0,1,0,929,6.8,0.548,0
24,Familiar,Entertainment,TikTok,0,0,1,993,5.6,0.732,0
24,Unfamiliar,Political,YouTube,0,0,1,1061,5.0,0.651,0
24,Familiar,Educational,TikTok,0,0,1,635,6.8,0.516,1
24,Familiar,Entertainment,Instagram,0,0,1,1175,10.0,0.458,1
24,Unfamiliar,Entertainment,Instagram,0,1,0,1017,7.1,0.528,0
24,Familiar,Educational,Instagram,0,1,0,1170,6.1,0.407,1
24,Unfamiliar,Educational,YouTube,0,1,0,447,6.5,0.601,1
24,Unfamiliar,Entertainment,YouTube,1,1,1,1203,8.0,0.48,0
24,Unfamiliar,Political,YouTube,0,0,1,967,5.3,0.552,0
25,Unfamiliar,Educational,Instagram,1,1,1,1085,3.8,0.655,0
25,Unfamiliar,Political,YouTube,1,1,1,1034,4.9,0.547,1
25,Familiar,Political,Instagram,0,0,1,667,3.3,0.527,1
25,Unfamiliar,Educational,TikTok,0,0,1,842,7.6,0.745,0
25,Familiar,Political,Instagram,1,1,1,1062,6.4,0.661,1
25,Unfamiliar,Political,Instagram,0,0,1,514,4.3,0.657,1
25,Familiar,Educational,TikTok,1,1,1,1362,8.9,0.645,1
25,Unfamiliar,Educational,TikTok,1,1,1,413,5.7,0.531,0
25,Unfamiliar,Educational,Instagram,0,0,1,1362,4.4,0.803,1
25,Unfamiliar,Political,YouTube,1,1,1,808,5.7,0.629,0
25,Familiar,Entertainment,YouTube,1,1,1,461,5.9,0.518,1
25,Unfamiliar,Entertainment,YouTube,0,1,0,466,8.5,0.533,0
26,Familiar,Educational,YouTube,1,0,0,833,7.6,0.378,0
26,Unfamiliar,Entertainment,YouTube,0,1,0,603,6.1,0.627,1
26,Familiar,Political,Instagram,1,1,1,480,5.2,0.525,0
26,Familiar,Political,TikTok,1,0,0,1159,7.1,0.747,1
26,Familiar,Entertainment,Instagram,0,0,1,939,8.3,0.395,0
26,Unfamiliar,Political,YouTube,0,0,1,549,4.7,0.399,0
26,Familiar,Political,Instagram,1,1,1,566,7.3,0.491,0
26,Unfamiliar,Educational,YouTube,1,1,1,927,7.4,0.663,0
26,Unfamiliar,Entertainment,TikTok,0,0,1,559,8.6,0.378,0
26,Familiar,Educational,YouTube,1,1,1,602,8.3,0.539,0
26,Unfamiliar,Entertainment,YouTube,0,0,1,1731,5.9,0.66,0
26,Unfamiliar,Political,Instagram,0,1,0,1081,6.3,0.447,0
27,Familiar,Entertainment,YouTube,0,0,1,988,8.8,0.423,1
27,Familiar,Political,TikTok,0,0,1,1047,7.7,0.54,1
27,Familiar,Educational,Instagram,0,0,1,535,7.0,0.365,0
27,Unfamiliar,Political,Instagram,0,0,1,1116,4.9,0.625,1
27,Unfamiliar,Political,TikTok,0,0,1,1047,5.9,0.75,0
27,Unfamiliar,Educational,TikTok,0,0,1,1516,4.0,0.523,0
27,Unfamiliar,Entertainment,TikTok,1,1,1,522,6.3,0.751,1
27,Unfamiliar,Political,TikTok,0,0,1,708,5.0,0.469,1
27,Familiar,Educational,Instagram,0,0,1,790,6.9,0.615,0
27,Familiar,Entertainment,TikTok,0,1,0,605,6.7,0.332,1
27,Unfamiliar,Educational,TikTok,0,1,0,936,3.1,0.479,0
27,Familiar,Entertainment,TikTok,1,0,0,531,5.6,0.549,1
28,Familiar,Entertainment,TikTok,1,1,1,1678,7.5,0.784,0
28,Familiar,Educational,YouTube,1,0,0,1470,7.1,0.642,1
28,Familiar,Educational,YouTube,1,1,1,925,9.4,0.763,0
28,Unfamiliar,Educational,TikTok,0,1,0,1003,6.5,0.605,1
28,Familiar,Educational,YouTube,0,1,0,1945,7.6,0.238,0
28,Unfamiliar,Entertainment,Instagram,0,0,1,746,6.9,0.428,0
28,Unfamiliar,Educational,TikTok,1,1,1,473,7.1,0.465,0
28,Unfamiliar,Educational,YouTube,0,0,1,1070,7.4,0.608,1
28,Unfamiliar,Political,TikTok,0,0,1,1190,5.9,0.584,0
28,Unfamiliar,Educational,Instagram,0,0,1,1473,6.4,0.45,0
28,Familiar,Educational,YouTube,0,1,0,1475,5.0,0.491,0
28,Familiar,Entertainment,TikTok,1,0,0,834,4.6,0.285,0
29,Familiar,Political,Instagram,0,0,1,781,8.1,0.621,0
29,Unfamiliar,Entertainment,TikTok,1,1,1,938,6.5,0.434,0
29,Familiar,Educational,Instagram,0,0,1,1401,4.1,0.514,0
29,Familiar,Educational,TikTok,0,0,1,1021,5.2,0.404,0
29,Unfamiliar,Educational,TikTok,1,1,1,1537,7.8,0.77,1
29,Unfamiliar,Political,YouTube,1,1,1,553,7.2,0.693,1
29,Familiar,Educational,TikTok,0,0,1,873,6.8,0.608,0
29,Unfamiliar,Educational,Instagram,1,1,1,507,7.8,0.496,0
29,Familiar,Entertainment,Instagram,0,0,1,1134,4.6,0.434,0
29,Familiar,Entertainment,Instagram,0,0,1,913,7.1,0.66,0
29,Familiar,Educational,YouTube,1,1,1,553,5.8,0.574,1
29,Familiar,Educational,TikTok,0,0,1,771,5.1,0.459,1
30,Unfamiliar,Educational,YouTube,1,1,1,774,6.0,0.712,1
30,Unfamiliar,Entertainment,Instagram,0,0,1,469,4.2,0.565,0
30,Unfamiliar,Educational,YouTube,0,0,1,497,6.9,0.793,1
30,Unfamiliar,Educational,TikTok,0,1,0,882,4.2,0.776,1
30,Familiar,Entertainment,Instagram,1,0,0,1128,4.8,0.657,1
30,Familiar,Political,Instagram,1,1,1,1196,7.6,0.562,0
30,Familiar,Political,TikTok,0,0,1,892,4.8,0.596,0
30,Familiar,Educational,TikTok,0,0,1,512,5.8,0.349,1
30,Familiar,Educational,TikTok,1,1,1,804,8.3,0.608,0
30,Familiar,Entertainment,Instagram,0,0,1,1447,6.9,0.672,1
30,Unfamiliar,Entertainment,YouTube,1,1,1,1209,5.5,0.521,0
30,Familiar,Political,YouTube,1,1,1,1555,4.9,0.387,0
31,Unfamiliar,Educational,TikTok,0,1,0,582,6.7,0.761,1
31,Familiar,Political,Instagram,1,1,1,438,6.3,0.55,1
31,Unfamiliar,Educational,Instagram,0,0,1,1022,9.2,0.847,1
31,Familiar,Entertainment,Instagram,1,1,1,490,8.1,0.531,0
31,Familiar,Political,YouTube,1,1,1,1648,8.1,0.621,1
31,Unfamiliar,Educational,YouTube,1,1,1,1066,6.0,0.433,0
31,Unfamiliar,Entertainment,Instagram,1,1,1,646,8.0,0.656,1
31,Familiar,Entertainment,Instagram,1,1,1,1214,6.9,0.581,0
31,Unfamiliar,Educational,Instagram,1,1,1,719,5.4,0.687,0
31,Unfamiliar,Political,YouTube,0,0,1,607,7.3,0.625,0
31,Unfamiliar,Educational,YouTube,1,1,1,1183,6.3,0.507,0
31,Unfamiliar,Educational,Instagram,0,0,1,803,8.8,0.584,1
32,Familiar,Educational,YouTube,1,1,1,784,8.0,0.491,0
32,Unfamiliar,Educational,Instagram,1,1,1,1126,4.4,0.548,0
32,Unfamiliar,Educational,YouTube,0,1,0,517,4.0,0.485,0
32,Familiar,Entertainment,Instagram,1,1,1,1423,8.7,0.391,0
32,Unfamiliar,Educational,YouTube,0,0,1,1039,5.8,0.604,0
32,Familiar,Entertainment,YouTube,1,1,1,728,7.5,0.632,1
32,Unfamiliar,Educational,TikTok,0,1,0,1618,7.1,0.425,0
32,Familiar,Entertainment,Instagram,1,1,1,998,9.3,0.361,0
32,Familiar,Entertainment,Instagram,0,1,0,626,8.4,0.35,1
32,Unfamiliar,Educational,TikTok,0,0,1,621,7.1,0.394,0
32,Unfamiliar,Educational,YouTube,0,0,1,1434,3.5,0.472,0
32,Unfamiliar,Entertainment,TikTok,0,0,1,1016,7.4,0.395,0
33,Unfamiliar,Entertainment,TikTok,0,1,0,1252,7.0,0.771,0
33,Familiar,Entertainment,Instagram,1,0,0,410,8.2,0.458,0
33,Familiar,Political,TikTok,0,1,0,922,5.9,0.737,0
33,Unfamiliar,Political,YouTube,1,0,0,413,6.6,0.459,0
33,Unfamiliar,Entertainment,Instagram,1,1,1,544,8.6,0.533,1
33,Familiar,Political,TikTok,0,1,0,632,6.9,0.655,0
33,Familiar,Educational,YouTube,1,1,1,903,5.7,0.451,0
33,Familiar,Educational,TikTok,0,0,1,781,7.6,0.443,0
33,Unfamiliar,Political,YouTube,0,1,0,478,4.7,0.348,0
33,Familiar,Educational,TikTok,0,0,1,746,3.6,0.538,1
33,Familiar,Entertainment,Instagram,0,0,1,1250,9.4,0.499,1
33,Familiar,Political,Instagram,1,1,1,1502,6.5,0.563,1
34,Familiar,Entertainment,YouTube,0,0,1,1235,6.1,0.646,0
34,Familiar,Political,Instagram,0,1,0,371,5.3,0.626,1
34,Familiar,Entertainment,YouTube,0,0,1,1228,5.9,0.52,0
34,Unfamiliar,Political,TikTok,0,0,1,750,5.2,0.627,0
34,Familiar,Entertainment,Instagram,1,1,1,1202,7.8,0.582,0
34,Familiar,Political,YouTube,1,1,1,995,5.7,0.571,0
34,Unfamiliar,Educational,Instagram,1,1,1,588,4.8,0.524,1
34,Familiar,Political,TikTok,0,0,1,841,5.8,0.456,1
34,Unfamiliar,Educational,YouTube,1,1,1,564,6.6,0.643,1
34,Familiar,Entertainment,Instagram,0,0,1,990,8.1,0.569,0
34,Unfamiliar,Entertainment,TikTok,0,0,1,484,4.0,0.747,0
34,Familiar,Entertainment,Instagram,0,1,0,531,7.6,0.631,0
35,Familiar,Entertainment,TikTok,1,0,0,607,7.3,0.793,1
35,Familiar,Political,Instagram,1,1,1,980,6.4,0.477,0
35,Familiar,Educational,Instagram,1,1,1,444,8.0,0.498,1
35,Familiar,Entertainment,YouTube,1,1,1,1240,6.1,0.598,1
35,Unfamiliar,Educational,TikTok,0,1,0,384,5.1,0.485,0
35,Unfamiliar,Entertainment,YouTube,0,0,1,802,5.3,0.736,0
35,Familiar,Educational,Instagram,0,1,0,1009,5.2,0.708,0
35,Unfamiliar,Educational,TikTok,0,1,0,927,8.1,0.632,1
35,Familiar,Entertainment,Instagram,1,0,0,1189,9.0,0.455,1
35,Familiar,Political,YouTube,0,0,1,852,9.0,0.577,1
35,Familiar,Educational,TikTok,0,0,1,1515,6.6,0.565,0
35,Unfamiliar,Political,YouTube,0,1,0,1042,6.6,0.595,1
36,Unfamiliar,Educational,Instagram,0,1,0,684,3.4,0.757,0
36,Familiar,Entertainment,YouTube,0,0,1,688,8.3,0.461,0
36,Unfamiliar,Entertainment,Instagram,1,1,1,602,8.2,0.492,0
36,Unfamiliar,Political,TikTok,0,0,1,704,6.7,0.406,1
36,Familiar,Entertainment,TikTok,0,0,1,589,6.1,0.522,0
36,Unfamiliar,Political,TikTok,1,1,1,572,4.7,0.478,0
36,Unfamiliar,Entertainment,YouTube,0,0,1,1189,5.8,0.572,0
36,Familiar,Entertainment,YouTube,1,0,0,1204,6.2,0.522,0
36,Unfamiliar,Educational,YouTube,1,1,1,397,8.6,0.681,0
36,Familiar,Entertainment,TikTok,0,1,0,568,8.1,0.621,1
36,Familiar,Political,Instagram,0,0,1,804,5.6,0.691,0
36,Familiar,Entertainment,TikTok,0,0,1,856,5.2,0.489,0
37,Familiar,Entertainment,Instagram,0,0,1,1091,6.9,0.41,0
37,Familiar,Entertainment,YouTube,1,1,1,499,6.8,0.362,0
37,Familiar,Educational,TikTok,1,1,1,340,4.6,0.677,0
37,Familiar,Political,TikTok,0,0,1,1244,5.2,0.553,0
37,Unfamiliar,Political,TikTok,1,1,1,707,5.8,0.651,0
37,Familiar,Entertainment,TikTok,0,0,1,1007,5.9,0.648,0
37,Unfamiliar,Educational,TikTok,1,1,1,830,6.8,0.603,0
37,Familiar,Educational,TikTok,0,0,1,989,6.6,0.53,1
37,Familiar,Entertainment,YouTube,1,0,0,1587,7.1,0.546,1
37,Familiar,Educational,YouTube,0,1,0,924,8.7,0.731,1
37,Unfamiliar,Political,YouTube,0,1,0,1229,5.3,0.8,0
37,Familiar,Educational,TikTok,0,0,1,478,5.1,0.583,0
38,Familiar,Educational,YouTube,0,1,0,467,5.6,0.457,0
38,Unfamiliar,Educational,Instagram,1,1,1,646,5.4,0.592,0
38,Unfamiliar,Entertainment,YouTube,1,1,1,581,6.8,0.546,1
38,Familiar,Entertainment,Instagram,1,0,0,1651,7.1,0.456,1
38,Unfamiliar,Entertainment,Instagram,1,0,0,1347,6.6,0.623,1
38,Familiar,Educational,YouTube,1,1,1,1387,6.3,0.6,1
38,Familiar,Entertainment,YouTube,0,0,1,1010,7.1,0.243,1
38,Unfamiliar,Political,Instagram,1,0,0,849,7.5,0.592,0
38,Familiar,Educational,Instagram,0,1,0,1462,7.8,0.679,1
38,Unfamiliar,Political,Instagram,0,0,1,1400,4.3,0.628,0
38,Unfamiliar,Political,Instagram,1,1,1,813,5.5,0.492,1
38,Familiar,Educational,TikTok,0,0,1,1045,5.5,0.515,0
39,Familiar,Entertainment,TikTok,0,0,1,824,7.4,0.32,0
39,Familiar,Entertainment,TikTok,1,1,1,1153,5.7,0.384,0
39,Unfamiliar,Educational,Instagram,0,1,0,468,7.2,0.626,0
39,Unfamiliar,Educational,Instagram,0,0,1,679,3.8,0.838,1
39,Familiar,Educational,TikTok,0,0,1,780,6.5,0.542,0
39,Familiar,Entertainment,YouTube,0,1,0,753,6.3,0.693,0
39,Unfamiliar,Entertainment,YouTube,0,0,1,935,6.5,0.688,0
39,Unfamiliar,Educational,YouTube,1,1,1,1614,7.0,0.619,0
39,Unfamiliar,Entertainment,TikTok,1,1,1,599,4.3,0.275,0
39,Familiar,Entertainment,Instagram,0,0,1,1301,9.3,0.732,1
39,Unfamiliar,Educational,YouTube,0,0,1,690,7.1,0.607,0
39,Familiar,Political,Instagram,1,0,0,440,6.9,0.362,0
40,Familiar,Political,YouTube,1,0,0,1235,3.8,0.622,0
40,Unfamiliar,Educational,TikTok,1,1,1,1397,5.9,0.512,0
40,Familiar,Political,Instagram,0,1,0,493,5.2,0.321,0
40,Unfamiliar,Entertainment,YouTube,0,0,1,532,6.7,0.719,1
40,Familiar,Political,YouTube,0,1,0,481,8.2,0.604,1
40,Familiar,Educational,Instagram,0,0,1,620,6.5,0.548,1
40,Unfamiliar,Educational,Instagram,0,1,0,1051,6.9,0.583,1
40,Familiar,Educational,Instagram,1,1,1,566,6.3,0.709,1
40,Unfamiliar,Entertainment,Instagram,0,1,0,903,9.2,0.487,0
40,Familiar,Educational,YouTube,0,1,0,636,3.5,0.648,0
40,Unfamiliar,Entertainment,TikTok,1,1,1,639,6.0,0.476,0
40,Familiar,Entertainment,Instagram,0,1,0,1493,7.0,0.596,0
41,Familiar,Entertainment,TikTok,0,0,1,571,6.4,0.656,0
41,Unfamiliar,Entertainment,TikTok,0,0,1,500,5.1,0.765,0
41,Unfamiliar,Entertainment,YouTube,0,1,0,1018,5.7,0.439,1
41,Unfamiliar,Political,YouTube,0,0,1,824,5.9,0.394,0
41,Familiar,Educational,Instagram,1,1,1,542,7.0,0.583,0
41,Familiar,Political,TikTok,1,1,1,1144,6.8,0.456,0
41,Familiar,Political,Instagram,1,1,1,2012,7.6,0.71,0
41,Familiar,Educational,YouTube,0,0,1,840,6.6,0.295,0
41,Unfamiliar,Entertainment,TikTok,1,1,1,979,5.8,0.6,0
41,Familiar,Entertainment,TikTok,0,0,1,1003,8.4,0.532,1
41,Unfamiliar,Entertainment,YouTube,0,0,1,1432,5.9,0.651,0
41,Unfamiliar,Political,YouTube,0,0,1,327,4.5,0.61,1
42,Unfamiliar,Entertainment,YouTube,0,0,1,939,9.2,0.669,0
42,Familiar,Entertainment,YouTube,0,0,1,939,8.5,0.434,1
42,Familiar,Political,YouTube,1,1,1,1136,4.5,0.492,0
42,Unfamiliar,Political,YouTube,0,0,1,914,6.5,0.467,0
42,Unfamiliar,Political,TikTok,0,0,1,403,4.9,0.521,0
42,Unfamiliar,Entertainment,TikTok,0,0,1,635,5.1,0.703,1
42,Familiar,Entertainment,TikTok,0,0,1,895,8.6,0.692,1
42,Unfamiliar,Political,Instagram,0,0,1,1462,6.1,0.68,1
42,Familiar,Educational,Instagram,0,0,1,1102,4.6,0.586,0
42,Familiar,Entertainment,TikTok,0,0,1,1279,6.3,0.658,0
42,Unfamiliar,Entertainment,YouTube,0,1,0,423,7.0,0.671,1
42,Familiar,Entertainment,TikTok,0,0,1,642,6.7,0.547,0
43,Unfamiliar,Entertainment,Instagram,0,1,0,760,3.8,0.463,1
43,Familiar,Educational,Instagram,1,0,0,322,5.9,0.361,0
43,Familiar,Educational,Instagram,0,1,0,1013,7.8,0.771,0
43,Familiar,Entertainment,Instagram,1,1,1,772,6.5,0.605,0
43,Unfamiliar,Entertainment,YouTube,1,1,1,407,6.7,0.731,1
43,Unfamiliar,Entertainment,TikTok,0,0,1,1858,6.4,0.588,0
43,Unfamiliar,Entertainment,YouTube,0,0,1,1067,7.1,0.418,0
43,Unfamiliar,Educational,Instagram,1,1,1,1056,7.5,0.559,0
43,Unfamiliar,Entertainment,Instagram,0,0,1,1150,7.1,0.483,0
43,Familiar,Educational,TikTok,0,0,1,875,5.7,0.225,1
43,Familiar,Entertainment,YouTube,0,0,1,1157,5.5,0.633,1
43,Unfamiliar,Entertainment,TikTok,0,0,1,471,6.9,0.595,1
44,Familiar,Entertainment,Instagram,0,1,0,1014,5.8,0.386,0
44,Unfamiliar,Entertainment,TikTok,1,1,1,685,3.0,0.384,0
44,Familiar,Educational,Instagram,1,1,1,1285,6.7,0.753,1
44,Familiar,Educational,TikTok,1,1,1,556,7.2,0.581,1
44,Unfamiliar,Entertainment,TikTok,0,0,1,1305,7.8,0.374,0
44,Familiar,Educational,TikTok,1,1,1,1504,6.9,0.608,1
44,Unfamiliar,Entertainment,Instagram,0,0,1,968,6.3,0.658,0
44,Familiar,Educational,TikTok,0,0,1,1167,5.5,0.374,0
44,Familiar,Educational,TikTok,0,0,1,1217,7.2,0.622,0
44,Familiar,Educational,YouTube,0,0,1,915,6.1,0.507,1
44,Familiar,Educational,Instagram,1,0,0,1026,6.0,0.782,1
44,Familiar,Entertainment,YouTube,0,1,0,1313,5.5,0.728,0
45,Unfamiliar,Political,TikTok,0,0,1,755,7.5,0.329,1
45,Unfamiliar,Political,Instagram,0,1,0,382,5.7,0.477,1
45,Familiar,Educational,TikTok,0,1,0,404,10.0,0.63,1
45,Unfamiliar,Educational,TikTok,0,1,0,1306,5.2,0.676,1
45,Unfamiliar,Entertainment,Instagram,0,0,1,1632,6.7,0.602,0
45,Familiar,Educational,TikTok,0,1,0,629,8.1,0.454,1
45,Unfamiliar,Political,TikTok,0,1,0,999,8.0,0.702,0
45,Familiar,Entertainment,Instagram,1,1,1,727,8.4,0.601,0
45,Familiar,Educational,YouTube,0,0,1,1066,7.6,0.661,1
45,Unfamiliar,Educational,YouTube,0,0,1,689,8.3,0.847,1
45,Unfamiliar,Educational,Instagram,1,1,1,1104,6.1,0.654,0
45,Unfamiliar,Educational,TikTok,0,0,1,503,5.1,0.591,0
46,Familiar,Educational,YouTube,0,0,1,638,4.5,0.767,1
46,Unfamiliar,Entertainment,Instagram,1,1,1,1233,4.5,0.651,0
46,Unfamiliar,Educational,Instagram,0,0,1,970,6.0,0.635,0
46,Unfamiliar,Educational,YouTube,1,1,1,732,6.8,0.592,0
46,Familiar,Political,Instagram,1,0,0,537,6.0,0.372,0
46,Unfamiliar,Educational,TikTok,0,1,0,1138,4.1,0.748,0
46,Unfamiliar,Educational,YouTube,0,0,1,914,5.2,0.674,0
46,Familiar,Entertainment,Instagram,0,0,1,506,6.5,0.5,1
46,Unfamiliar,Entertainment,Instagram,0,1,0,1119,5.2,0.494,1
46,Unfamiliar,Educational,Instagram,1,1,1,1820,3.2,0.485,0
46,Unfamiliar,Entertainment,YouTube,0,1,0,1288,6.2,0.553,0
46,Familiar,Entertainment,Instagram,0,0,1,474,8.3,0.711,1
47,Unfamiliar,Political,TikTok,1,1,1,1739,3.6,0.485,0
47,Unfamiliar,Entertainment,YouTube,0,0,1,831,8.3,0.508,0
47,Familiar,Entertainment,YouTube,0,1,0,849,9.4,0.513,1
47,Unfamiliar,Educational,TikTok,1,1,1,1269,8.3,0.403,0
47,Familiar,Entertainment,TikTok,1,0,0,949,5.9,0.684,0
47,Unfamiliar,Educational,YouTube,0,0,1,836,6.3,0.547,1
47,Familiar,Entertainment,TikTok,0,0,1,2133,4.3,0.698,0
47,Familiar,Educational,Instagram,1,1,1,412,6.3,0.734,1
47,Unfamiliar,Entertainment,YouTube,0,0,1,325,5.5,0.579,1
47,Familiar,Educational,TikTok,0,0,1,1298,5.7,0.526,1
47,Unfamiliar,Educational,YouTube,0,1,0,589,8.7,0.438,1
47,Unfamiliar,Political,YouTube,1,1,1,936,8.1,0.411,0
48,Unfamiliar,Entertainment,TikTok,1,1,1,1270,7.5,0.667,1
48,Unfamiliar,Entertainment,YouTube,0,1,0,1034,5.8,0.68,0
48,Familiar,Entertainment,TikTok,1,1,1,590,7.5,0.666,0
48,Familiar,Educational,Instagram,0,0,1,935,8.6,0.413,0
48,Unfamiliar,Entertainment,YouTube,1,0,0,653,7.0,0.724,1
48,Familiar,Educational,TikTok,1,1,1,654,6.6,0.518,1
48,Familiar,Educational,YouTube,0,0,1,696,8.7,0.603,1
48,Familiar,Educational,Instagram,0,1,0,1037,5.1,0.581,0
48,Familiar,Entertainment,YouTube,1,1,1,915,7.5,0.592,1
48,Unfamiliar,Entertainment,YouTube,0,0,1,1106,5.8,0.442,0
48,Familiar,Entertainment,TikTok,0,0,1,775,7.2,0.379,1
48,Unfamiliar,Entertainment,Instagram,1,1,1,807,6.6,0.621,1
49,Unfamiliar,Entertainment,Instagram,1,1,1,478,5.7,0.587,1
49,Unfamiliar,Educational,YouTube,0,0,1,1995,7.6,0.583,1
49,Unfamiliar,Political,TikTok,0,1,0,340,8.2,0.394,0
49,Unfamiliar,Political,TikTok,0,0,1,1279,6.0,0.462,1
49,Unfamiliar,Political,YouTube,0,0,1,406,8.1,0.539,1
49,Unfamiliar,Educational,TikTok,1,0,0,481,4.2,0.71,0
49,Unfamiliar,Educational,YouTube,1,0,0,407,4.4,0.633,0
49,Unfamiliar,Entertainment,Instagram,1,0,0,901,5.2,0.366,0
49,Unfamiliar,Political,YouTube,1,0,0,1292,7.3,0.413,0
49,Unfamiliar,Entertainment,YouTube,0,0,1,663,6.6,0.595,0
49,Familiar,Educational,TikTok,1,1,1,894,8.5,0.535,1
49,Unfamiliar,Entertainment,YouTube,0,0,1,992,7.2,0.902,1
50,Unfamiliar,Educational,Instagram,1,1,1,811,3.9,0.412,0
50,Familiar,Entertainment,TikTok,0,1,0,676,8.1,0.648,1
50,Familiar,Entertainment,Instagram,1,1,1,354,6.7,0.652,0
50,Familiar,Educational,Instagram,0,1,0,693,9.0,0.531,0
50,Familiar,Entertainment,Instagram,0,0,1,1262,5.8,0.451,1
50,Familiar,Educational,TikTok,0,1,0,1009,4.5,0.529,0
50,Unfamiliar,Educational,Instagram,0,1,0,3273,2.7,0.603,0
50,Familiar,Political,Instagram,0,0,1,547,4.4,0.583,0
50,Unfamiliar,Educational,YouTube,1,1,1,1072,5.7,0.618,0
50,Unfamiliar,Entertainment,YouTube,1,1,1,378,6.4,0.608,1
50,Familiar,Political,YouTube,0,1,0,1267,7.5,0.482,0
50,Familiar,Entertainment,TikTok,1,0,0,452,7.2,0.374,0
51,Unfamiliar,Educational,YouTube,1,1,1,1103,6.3,0.683,0
51,Unfamiliar,Political,TikTok,0,0,1,914,5.7,0.56,0
51,Unfamiliar,Educational,Instagram,1,0,0,812,8.9,0.582,1
51,Unfamiliar,Entertainment,TikTok,0,0,1,1112,6.4,0.553,1
51,Familiar,Entertainment,TikTok,0,0,1,489,7.3,0.491,0
51,Unfamiliar,Entertainment,YouTube,1,0,0,677,5.4,0.567,0
51,Familiar,Educational,YouTube,0,0,1,843,7.5,0.57,1
51,Familiar,Educational,Instagram,0,0,1,728,7.1,0.654,1
51,Familiar,Entertainment,Instagram,0,0,1,638,4.9,0.789,0
51,Familiar,Entertainment,YouTube,1,1,1,834,7.0,0.416,0
51,Unfamiliar,Political,TikTok,1,1,1,713,2.9,0.673,0
51,Familiar,Entertainment,TikTok,1,0,0,758,6.2,0.362,0
52,Familiar,Political,TikTok,0,0,1,630,4.8,0.525,0
52,Unfamiliar,Educational,YouTube,1,1,1,687,5.3,0.507,0
52,Familiar,Educational,TikTok,0,0,1,1165,6.1,0.646,1
52,Familiar,Educational,TikTok,0,1,0,562,5.4,0.526,0
52,Familiar,Entertainment,YouTube,0,1,0,751,7.3,0.77,1
52,Unfamiliar,Educational,YouTube,1,1,1,2717,6.2,0.476,1
52,Unfamiliar,Entertainment,Instagram,0,0,1,1404,6.6,0.494,1
52,Familiar,Entertainment,Instagram,0,0,1,1328,6.0,0.632,0
52,Unfamiliar,Educational,YouTube,0,0,1,753,7.9,0.688,0
52,Unfamiliar,Entertainment,Instagram,1,1,1,657,5.3,0.707,1
52,Unfamiliar,Educational,YouTube,0,1,0,436,7.1,0.699,1
52,Unfamiliar,Educational,YouTube,0,0,1,594,5.4,0.688,1
53,Unfamiliar,Educational,TikTok,1,1,1,1771,6.9,0.685,1
53,Familiar,Political,Instagram,0,0,1,950,6.1,0.534,1
53,Unfamiliar,Entertainment,TikTok,0,0,1,1524,4.1,0.658,0
53,Unfamiliar,Entertainment,Instagram,0,1,0,673,5.9,0.656,0
53,Familiar,Educational,TikTok,1,0,0,613,7.2,0.519,1
53,Familiar,Educational,Instagram,1,0,0,582,5.8,0.609,0
53,Familiar,Political,YouTube,0,0,1,643,9.2,0.444,1
53,Familiar,Educational,YouTube,0,0,1,1179,5.6,0.495,0
53,Familiar,Political,YouTube,0,0,1,818,6.8,0.471,0
53,Unfamiliar,Educational,Instagram,1,0,0,1395,5.7,0.703,0
53,Familiar,Entertainment,YouTube,0,1,0,529,4.2,0.326,0
53,Unfamiliar,Educational,Instagram,1,1,1,1206,6.7,0.661,1
54,Familiar,Political,Instagram,0,0,1,411,6.3,0.576,0
54,Unfamiliar,Entertainment,TikTok,0,0,1,915,6.0,0.622,1
54,Unfamiliar,Political,YouTube,1,1,1,1003,6.8,0.499,1
54,Familiar,Educational,Instagram,1,0,0,627,7.9,0.499,0
54,Familiar,Educational,YouTube,0,1,0,1034,3.7,0.532,0
54,Unfamiliar,Educational,YouTube,0,0,1,618,6.0,0.613,1
54,Unfamiliar,Educational,YouTube,0,1,0,1426,4.6,0.426,0
54,Unfamiliar,Political,Instagram,1,0,0,976,3.5,0.613,1
54,Familiar,Entertainment,YouTube,1,0,0,1433,6.8,0.6,0
54,Familiar,Entertainment,TikTok,0,0,1,410,6.0,0.619,0
54,Unfamiliar,Educational,YouTube,0,0,1,1216,6.3,0.601,1
54,Unfamiliar,Educational,YouTube,0,0,1,1861,7.4,0.936,1
55,Familiar,Entertainment,YouTube,1,0,0,614,6.9,0.675,0
55,Familiar,Educational,YouTube,0,0,1,584,5.9,0.666,1
55,Familiar,Political,YouTube,0,0,1,542,6.2,0.713,0
55,Familiar,Political,TikTok,1,0,0,757,7.7,0.433,1
55,Familiar,Educational,YouTube,0,0,1,549,4.6,0.582,0
55,Unfamiliar,Educational,TikTok,1,1,1,449,5.9,0.559,0
55,Unfamiliar,Educational,TikTok,0,0,1,1297,6.5,0.869,1
55,Familiar,Entertainment,TikTok,1,0,0,1028,8.0,0.558,0
55,Familiar,Political,Instagram,1,0,0,1111,4.8,0.425,1
55,Unfamiliar,Educational,YouTube,1,1,1,1494,6.1,0.656,1
55,Unfamiliar,Entertainment,Instagram,0,1,0,511,5.8,0.477,0
55,Unfamiliar,Political,Instagram,1,0,0,706,3.9,0.698,1
56,Familiar,Entertainment,TikTok,0,0,1,2269,8.0,0.43,0
56,Unfamiliar,Educational,YouTube,0,0,1,706,6.5,0.315,1
56,Familiar,Entertainment,TikTok,0,0,1,848,7.6,0.5,0
56,Unfamiliar,Educational,TikTok,0,0,1,647,3.2,0.718,0
56,Unfamiliar,Political,Instagram,0,1,0,1181,3.8,0.658,1
56,Unfamiliar,Entertainment,Instagram,1,0,0,602,6.6,0.659,0
56,Unfamiliar,Entertainment,Instagram,0,0,1,786,5.8,0.512,0
56,Unfamiliar,Educational,Instagram,0,0,1,786,6.3,0.667,1
56,Unfamiliar,Educational,TikTok,0,0,1,750,6.6,0.6,1
56,Unfamiliar,Educational,TikTok,0,0,1,440,6.5,0.716,0
56,Familiar,Entertainment,TikTok,0,0,1,1770,7.8,0.376,0
56,Familiar,Entertainment,YouTube,1,1,1,1168,7.8,0.699,1
57,Unfamiliar,Political,TikTok,0,1,0,1557,3.3,0.486,0
57,Familiar,Entertainment,TikTok,0,1,0,498,3.6,0.504,0
57,Familiar,Educational,TikTok,0,0,1,821,4.5,0.461,1
57,Familiar,Political,TikTok,1,1,1,509,6.6,0.497,0
57,Unfamiliar,Entertainment,Instagram,0,0,1,445,5.0,0.642,0
57,Familiar,Educational,Instagram,1,1,1,454,7.5,0.707,0
57,Unfamiliar,Entertainment,Instagram,1,1,1,799,6.2,0.614,1
57,Familiar,Political,Instagram,0,0,1,582,5.6,0.492,0
57,Unfamiliar,Entertainment,TikTok,0,1,0,525,4.5,0.591,1
57,Familiar,Entertainment,Instagram,1,1,1,363,7.1,0.585,0
57,Familiar,Entertainment,TikTok,0,0,1,647,5.2,0.636,0
57,Familiar,Educational,TikTok,0,0,1,1387,9.3,0.588,1
58,Familiar,Educational,Instagram,0,0,1,1029,7.6,0.66,0
58,Unfamiliar,Educational,TikTok,1,1,1,1297,5.0,0.526,0
58,Unfamiliar,Political,Instagram,1,1,1,1241,4.6,0.658,0
58,Familiar,Educational,TikTok,0,1,0,927,8.5,0.437,0
58,Familiar,Educational,Instagram,1,0,0,643,8.2,0.568,0
58,Familiar,Entertainment,YouTube,0,0,1,1586,7.4,0.566,1
58,Familiar,Educational,TikTok,0,0,1,1053,5.5,0.45,1
58,Familiar,Political,TikTok,0,0,1,718,6.6,0.577,0
58,Familiar,Entertainment,Instagram,0,0,1,907,8.6,0.604,1
58,Unfamiliar,Entertainment,Instagram,0,0,1,639,8.0,0.596,0
58,Familiar,Political,YouTube,1,1,1,671,7.3,0.41,0
58,Unfamiliar,Educational,Instagram,0,1,0,795,7.4,0.606,0
59,Unfamiliar,Entertainment,TikTok,0,1,0,699,7.4,0.656,0
59,Familiar,Educational,YouTube,1,0,0,1745,7.7,0.532,1
59,Unfamiliar,Educational,YouTube,1,1,1,852,6.2,0.355,1
59,Unfamiliar,Political,YouTube,1,1,1,1038,6.3,0.542,0
59,Unfamiliar,Entertainment,YouTube,0,1,0,1825,7.4,0.734,0
59,Familiar,Entertainment,Instagram,1,0,0,685,3.9,0.41,0
59,Unfamiliar,Educational,TikTok,1,1,1,852,4.7,0.703,1
59,Familiar,Political,TikTok,0,0,1,1406,6.2,0.6,1
59,Unfamiliar,Entertainment,YouTube,0,0,1,536,5.7,0.549,1
59,Familiar,Political,TikTok,1,0,0,1325,8.9,0.708,1
59,Unfamiliar,Educational,TikTok,0,1,0,660,9.1,0.643,1
59,Unfamiliar,Educational,Instagram,1,1,1,772,6.9,0.709,1
60,Unfamiliar,Political,Instagram,0,0,1,443,6.9,0.617,0
60,Familiar,Entertainment,YouTube,1,1,1,1224,6.3,0.397,0
60,Unfamiliar,Entertainment,YouTube,1,0,0,1074,7.1,0.682,1
60,Unfamiliar,Educational,YouTube,0,1,0,1592,5.5,0.549,0
60,Unfamiliar,Entertainment,YouTube,0,0,1,793,6.6,0.352,1
60,Familiar,Entertainment,YouTube,0,0,1,655,5.5,0.491,1
60,Unfamiliar,Entertainment,Instagram,0,0,1,594,5.0,0.667,1
60,Unfamiliar,Entertainment,TikTok,0,0,1,2135,7.8,0.459,1
60,Familiar,Entertainment,YouTube,0,0,1,1299,7.2,0.601,1
60,Unfamiliar,Entertainment,Instagram,1,1,1,622,6.5,0.546,0
60,Familiar,Entertainment,YouTube,0,0,1,571,6.5,0.557,0
60,Familiar,Educational,YouTube,1,0,0,780,7.1,0.686,1
61,Unfamiliar,Educational,YouTube,1,1,1,992,4.8,0.598,0
61,Unfamiliar,Political,YouTube,1,0,0,676,5.4,0.572,0
61,Unfamiliar,Entertainment,Instagram,0,0,1,898,4.8,0.637,0
61,Familiar,Entertainment,TikTok,0,0,1,922,7.2,0.425,0
61,Unfamiliar,Educational,YouTube,1,1,1,693,8.4,0.682,1
61,Unfamiliar,Entertainment,Instagram,1,1,1,974,7.2,0.532,1
61,Familiar,Educational,Instagram,1,1,1,832,7.4,0.608,0
61,Unfamiliar,Educational,TikTok,0,0,1,675,5.6,0.422,0
61,Familiar,Educational,Instagram,1,1,1,1366,7.0,0.75,1
61,Familiar,Educational,YouTube,0,0,1,1128,6.4,0.535,0
61,Unfamiliar,Entertainment,TikTok,0,0,1,592,7.2,0.662,0
61,Unfamiliar,Educational,TikTok,1,1,1,573,6.6,0.506,0
62,Familiar,Political,Instagram,1,0,0,918,5.4,0.503,0
62,Familiar,Entertainment,YouTube,1,1,1,443,7.9,0.654,1
62,Unfamiliar,Political,TikTok,0,0,1,769,5.0,0.58,0
62,Unfamiliar,Political,YouTube,0,0,1,831,3.1,0.701,0
62,Unfamiliar,Entertainment,Instagram,0,0,1,481,6.7,0.569,0
62,Familiar,Educational,TikTok,1,1,1,626,5.9,0.605,0
62,Familiar,Educational,YouTube,0,1,0,1111,7.9,0.771,0
62,Unfamiliar,Political,TikTok,1,0,0,986,3.1,0.455,0
62,Unfamiliar,Entertainment,TikTok,1,1,1,913,4.1,0.399,0
62,Unfamiliar,Entertainment,TikTok,0,1,0,1531,7.9,0.673,1
62,Unfamiliar,Educational,Instagram,0,1,0,715,2.3,0.451,0
62,Unfamiliar,Entertainment,TikTok,0,0,1,633,6.1,0.507,0
63,Unfamiliar,Entertainment,Instagram,1,1,1,708,4.8,0.8,1
63,Unfamiliar,Political,TikTok,0,0,1,1526,3.6,0.568,0
63,Unfamiliar,Entertainment,Instagram,1,1,1,834,5.4,0.424,0
63,Unfamiliar,Educational,TikTok,0,0,1,1049,6.3,0.585,0
63,Unfamiliar,Entertainment,TikTok,0,0,1,484,9.1,0.418,1
63,Unfamiliar,Political,Instagram,1,1,1,994,5.2,0.848,0
63,Familiar,Entertainment,YouTube,0,0,1,1063,6.5,0.55,0
63,Familiar,Educational,Instagram,1,1,1,1959,5.0,0.551,1
63,Familiar,Political,TikTok,1,1,1,754,5.3,0.327,0
63,Unfamiliar,Entertainment,TikTok,0,1,0,1044,7.4,0.519,0
63,Familiar,Entertainment,YouTube,0,0,1,386,6.2,0.579,0
63,Unfamiliar,Entertainment,TikTok,0,0,1,684,9.0,0.304,0
64,Familiar,Entertainment,YouTube,0,0,1,828,6.6,0.489,1
64,Unfamiliar,Entertainment,Instagram,1,1,1,519,7.7,0.605,0
64,Unfamiliar,Entertainment,TikTok,1,0,0,787,6.3,0.554,1
64,Unfamiliar,Educational,YouTube,0,1,0,996,6.4,0.87,1
64,Familiar,Educational,Instagram,1,1,1,819,7.8,0.763,1
64,Unfamiliar,Political,Instagram,1,1,1,808,8.2,0.474,0
64,Unfamiliar,Educational,YouTube,0,1,0,493,2.8,0.553,0
64,Unfamiliar,Educational,YouTube,1,1,1,1110,4.1,0.727,0
64,Unfamiliar,Educational,YouTube,0,1,0,802,8.2,0.482,0
64,Unfamiliar,Entertainment,Instagram,0,0,1,916,6.3,0.842,0
64,Familiar,Educational,TikTok,1,1,1,1177,5.6,0.746,1
64,Unfamiliar,Entertainment,YouTube,0,0,1,858,6.8,0.533,0
65,Familiar,Educational,YouTube,0,1,0,1207,8.9,0.646,1
65,Unfamiliar,Entertainment,TikTok,1,1,1,662,4.8,0.656,0
65,Unfamiliar,Educational,TikTok,1,1,1,790,8.0,0.57,1
65,Familiar,Educational,TikTok,0,0,1,1991,8.6,0.749,1
65,Familiar,Political,Instagram,0,0,1,878,7.5,0.593,0
65,Unfamiliar,Political,TikTok,0,0,1,696,5.3,0.75,0
65,Unfamiliar,Political,Instagram,0,0,1,824,4.5,0.599,0
65,Familiar,Entertainment,YouTube,0,1,0,946,8.6,0.625,1
65,Familiar,Educational,Instagram,0,1,0,879,5.3,0.545,0
65,Familiar,Educational,Instagram,0,0,1,374,6.8,0.68,0
65,Unfamiliar,Political,YouTube,1,0,0,663,4.3,0.532,1
65,Unfamiliar,Entertainment,Instagram,0,0,1,687,5.9,0.747,0
66,Unfamiliar,Educational,TikTok,0,0,1,626,3.5,0.634,0
66,Unfamiliar,Educational,TikTok,0,0,1,1113,6.9,0.608,0
66,Familiar,Entertainment,Instagram,1,0,0,635,7.5,0.61,1
66,Familiar,Entertainment,TikTok,0,0,1,816,8.2,0.451,0
66,Familiar,Educational,Instagram,1,1,1,1481,4.9,0.399,0
66,Unfamiliar,Entertainment,Instagram,0,0,1,917,7.3,0.482,0
66,Unfamiliar,Educational,TikTok,0,1,0,1629,4.9,0.681,1
66,Unfamiliar,Educational,YouTube,1,1,1,516,7.2,0.45,0
66,Familiar,Educational,TikTok,1,0,0,481,6.6,0.693,1
66,Familiar,Educational,Instagram,0,0,1,1057,5.4,0.64,0
66,Familiar,Political,Instagram,1,0,0,762,6.2,0.485,0
66,Familiar,Political,Instagram,1,0,0,552,6.2,0.57,1
67,Unfamiliar,Educational,YouTube,1,1,1,489,7.0,0.527,1
67,Familiar,Educational,Instagram,1,1,1,1078,5.0,0.56,0
67,Familiar,Entertainment,YouTube,1,1,1,888,6.2,0.519,1
67,Familiar,Entertainment,TikTok,0,1,0,1086,8.4,0.631,1
67,Unfamiliar,Political,TikTok,0,0,1,1206,4.5,0.421,0
67,Familiar,Educational,YouTube,1,0,0,601,4.6,0.692,1
67,Familiar,Educational,YouTube,0,0,1,453,6.6,0.774,1
67,Familiar,Entertainment,TikTok,0,0,1,533,4.9,0.493,0
67,Familiar,Educational,Instagram,0,0,1,1262,5.8,0.563,0
67,Unfamiliar,Political,Instagram,0,0,1,1570,5.1,0.485,0
67,Familiar,Educational,YouTube,0,1,0,476,6.7,0.309,0
67,Unfamiliar,Entertainment,YouTube,1,1,1,655,4.1,0.529,0
68,Unfamiliar,Educational,Instagram,0,0,1,539,5.8,0.52,0
68,Unfamiliar,Educational,Instagram,1,1,1,1718,6.3,0.565,1
68,Familiar,Educational,Instagram,0,0,1,1022,6.3,0.535,1
68,Unfamiliar,Political,Instagram,0,1,0,787,6.2,0.732,1
68,Familiar,Political,Instagram,1,0,0,1882,8.1,0.525,1
68,Unfamiliar,Entertainment,Instagram,1,1,1,511,6.7,0.632,0
68,Unfamiliar,Educational,YouTube,1,0,0,837,6.0,0.601,0
68,Familiar,Educational,Instagram,0,0,1,966,4.4,0.531,0
68,Familiar,Political,TikTok,1,0,0,488,5.4,0.363,0
68,Unfamiliar,Entertainment,YouTube,1,0,0,456,8.3,0.71,0
68,Familiar,Entertainment,YouTube,1,0,0,967,8.9,0.58,1
68,Familiar,Entertainment,Instagram,0,0,1,608,5.0,0.443,0
69,Familiar,Entertainment,TikTok,0,1,0,769,5.5,0.448,0
69,Familiar,Educational,YouTube,0,1,0,1669,5.2,0.5,1
69,Unfamiliar,Educational,YouTube,0,1,0,984,7.2,0.424,0
69,Familiar,Educational,YouTube,0,1,0,687,5.9,0.397,0
69,Familiar,Educational,YouTube,1,1,1,634,6.9,0.517,1
69,Familiar,Educational,Instagram,0,1,0,924,5.8,0.609,1
69,Unfamiliar,Entertainment,Instagram,1,1,1,584,10.0,0.344,1
69,Unfamiliar,Entertainment,TikTok,0,0,1,969,4.9,0.721,0
69,Familiar,Educational,Instagram,1,1,1,529,7.3,0.43,0
69,Unfamiliar,Political,YouTube,1,0,0,681,8.6,0.461,0
69,Familiar,Entertainment,Instagram,1,1,1,585,5.9,0.359,0
69,Unfamiliar,Educational,Instagram,0,0,1,693,8.1,0.67,1
70,Familiar,Political,Instagram,1,0,0,545,4.0,0.605,0
70,Unfamiliar,Educational,TikTok,0,0,1,1119,7.9,0.753,1
70,Familiar,Educational,TikTok,1,1,1,583,6.0,0.739,1
70,Unfamiliar,Entertainment,YouTube,1,1,1,629,5.9,0.715,1
70,Unfamiliar,Educational,TikTok,1,1,1,596,4.6,0.835,0
70,Familiar,Educational,YouTube,1,1,1,556,4.2,0.71,0
70,Unfamiliar,Educational,TikTok,1,1,1,615,5.4,0.716,0
70,Familiar,Entertainment,YouTube,0,0,1,1231,7.8,0.543,0
70,Familiar,Educational,YouTube,1,1,1,524,9.9,0.622,1
70,Familiar,Entertainment,TikTok,1,1,1,1121,6.1,0.413,0
70,Unfamiliar,Educational,TikTok,1,0,0,596,6.1,0.575,0
70,Familiar,Political,YouTube,0,0,1,1730,4.6,0.767,0
71,Unfamiliar,Educational,YouTube,0,1,0,918,6.6,0.693,1
71,Familiar,Educational,Instagram,0,0,1,575,7.1,0.537,0
71,Unfamiliar,Educational,YouTube,0,1,0,498,6.9,0.584,1
71,Unfamiliar,Educational,YouTube,0,0,1,785,5.1,0.868,1
71,Unfamiliar,Political,Instagram,1,1,1,929,6.2,0.666,0
71,Unfamiliar,Political,Instagram,1,1,1,832,6.3,0.601,0
71,Familiar,Entertainment,YouTube,1,0,0,1111,8.1,0.583,0
71,Familiar,Political,Instagram,0,0,1,1010,6.5,0.571,0
71,Familiar,Entertainment,TikTok,0,1,0,699,7.0,0.626,1
71,Familiar,Political,TikTok,0,1,0,690,6.7,0.585,0
71,Familiar,Entertainment,Instagram,0,0,1,462,7.6,0.728,1
71,Unfamiliar,Educational,YouTube,0,0,1,607,5.1,0.453,0
72,Unfamiliar,Entertainment,Instagram,0,0,1,1487,6.9,0.568,1
72,Familiar,Educational,TikTok,1,1,1,969,7.8,0.563,1
72,Unfamiliar,Educational,Instagram,1,1,1,1177,7.7,0.807,0
72,Unfamiliar,Political,TikTok,0,0,1,613,6.0,0.508,0
72,Unfamiliar,Political,YouTube,0,0,1,1287,9.9,0.812,0
72,Familiar,Entertainment,TikTok,1,1,1,748,7.3,0.865,1
72,Unfamiliar,Entertainment,YouTube,1,1,1,975,5.6,0.378,0
72,Unfamiliar,Educational,YouTube,0,0,1,728,6.7,0.629,1
72,Unfamiliar,Educational,Instagram,1,1,1,898,6.4,0.518,1
72,Unfamiliar,Entertainment,YouTube,1,1,1,917,4.5,0.483,0
72,Unfamiliar,Political,Instagram,1,1,1,516,2.0,0.563,0
72,Unfamiliar,Educational,Instagram,1,1,1,1201,6.5,0.657,1
73,Familiar,Entertainment,Instagram,1,0,0,1319,7.6,0.762,0
73,Unfamiliar,Entertainment,Instagram,0,0,1,739,6.4,0.662,0
73,Unfamiliar,Entertainment,Instagram,0,0,1,1213,5.9,0.56,1
73,Familiar,Entertainment,Instagram,0,0,1,597,7.3,0.466,0
73,Unfamiliar,Entertainment,YouTube,0,0,1,885,5.7,0.564,0
73,Unfamiliar,Educational,YouTube,0,0,1,739,7.4,0.481,0
73,Familiar,Educational,TikTok,0,0,1,587,7.4,0.474,1
73,Unfamiliar,Political,Instagram,1,1,1,630,7.0,0.72,0
73,Familiar,Political,Instagram,0,0,1,1131,7.1,0.561,1
73,Familiar,Educational,YouTube,0,0,1,476,6.8,0.41,1
73,Familiar,Entertainment,TikTok,1,1,1,638,8.2,0.543,0
73,Familiar,Entertainment,Instagram,0,0,1,645,5.6,0.492,0
74,Unfamiliar,Entertainment,YouTube,0,0,1,1543,6.4,0.454,0
74,Familiar,Entertainment,TikTok,0,1,0,1891,7.8,0.659,0
74,Familiar,Political,YouTube,0,0,1,1244,6.3,0.619,0
74,Unfamiliar,Educational,Instagram,0,0,1,818,6.7,0.694,0
74,Unfamiliar,Entertainment,Instagram,0,1,0,572,6.6,0.868,0
74,Unfamiliar,Educational,TikTok,0,0,1,813,7.3,0.505,1
74,Familiar,Political,Instagram,0,1,0,1003,7.0,0.466,1
74,Unfamiliar,Entertainment,TikTok,0,0,1,1050,8.4,0.779,1
74,Unfamiliar,Educational,TikTok,0,1,0,699,6.9,0.547,0
74,Unfamiliar,Entertainment,YouTube,0,1,0,783,5.4,0.489,0
74,Unfamiliar,Entertainment,YouTube,0,1,0,698,7.6,0.601,1
74,Familiar,Educational,Instagram,0,0,1,1029,9.6,0.619,1
75,Familiar,Entertainment,Instagram,0,1,0,688,6.2,0.487,1
75,Unfamiliar,Political,TikTok,1,0,0,1112,6.8,0.598,1
75,Unfamiliar,Educational,Instagram,1,0,0,1010,5.5,0.62,0
75,Unfamiliar,Educational,Instagram,0,0,1,1152,8.1,0.82,1
75,Familiar,Educational,YouTube,1,1,1,537,5.1,0.795,1
75,Familiar,Entertainment,Instagram,1,1,1,1196,6.7,0.533,1
75,Familiar,Educational,Instagram,0,0,1,577,7.1,0.512,0
75,Familiar,Educational,Instagram,1,1,1,1065,7.1,0.537,1
75,Familiar,Political,Instagram,0,0,1,807,7.9,0.528,0
75,Unfamiliar,Educational,Instagram,1,1,1,814,6.1,0.551,0
75,Familiar,Educational,YouTube,1,0,0,594,7.2,0.545,0
75,Familiar,Entertainment,Instagram,1,1,1,587,4.1,0.747,1
76,Unfamiliar,Educational,Instagram,0,0,1,587,7.6,0.47,0
76,Familiar,Entertainment,YouTube,1,1,1,1421,4.4,0.53,1
76,Familiar,Entertainment,YouTube,1,0,0,653,6.6,0.516,0
76,Familiar,Entertainment,YouTube,0,0,1,649,6.6,0.457,0
76,Unfamiliar,Political,TikTok,0,0,1,462,6.0,0.213,0
76,Familiar,Educational,TikTok,1,1,1,1336,8.8,0.549,1
76,Unfamiliar,Educational,Instagram,1,1,1,870,5.1,0.508,0
76,Unfamiliar,Educational,TikTok,0,0,1,747,6.1,0.935,1
76,Unfamiliar,Political,Instagram,1,1,1,515,6.1,0.495,0
76,Unfamiliar,Educational,YouTube,1,1,1,414,6.7,0.794,1
76,Familiar,Entertainment,TikTok,1,1,1,583,8.0,0.488,1
76,Unfamiliar,Political,YouTube,0,0,1,442,3.1,0.313,0
77,Unfamiliar,Entertainment,Instagram,0,0,1,1018,6.2,0.501,0
77,Familiar,Political,YouTube,0,0,1,622,6.0,0.468,0
77,Unfamiliar,Educational,YouTube,0,0,1,560,6.3,0.551,0
77,Unfamiliar,Entertainment,TikTok,1,1,1,1753,5.1,0.615,1
77,Unfamiliar,Entertainment,Instagram,1,0,0,1966,6.0,0.61,0
77,Unfamiliar,Entertainment,Instagram,0,1,0,351,6.7,0.69,1
77,Unfamiliar,Entertainment,Instagram,1,0,0,662,5.6,0.636,0
77,Familiar,Educational,TikTok,1,1,1,667,8.7,0.391,1
77,Familiar,Educational,TikTok,1,0,0,364,6.0,0.53,0
77,Familiar,Educational,TikTok,1,1,1,749,9.4,0.399,0
77,Unfamiliar,Educational,YouTube,0,1,0,880,5.9,0.741,1
77,Familiar,Political,TikTok,0,1,0,845,8.1,0.712,1
78,Familiar,Educational,Instagram,1,0,0,1350,7.4,0.666,0
78,Familiar,Entertainment,TikTok,0,0,1,641,7.5,0.597,1
78,Familiar,Entertainment,Instagram,1,1,1,526,5.6,0.747,1
78,Familiar,Educational,Instagram,0,1,0,593,6.2,0.675,0
78,Unfamiliar,Entertainment,YouTube,0,1,0,766,6.6,0.549,0
78,Familiar,Entertainment,Instagram,0,0,1,1059,9.4,0.257,0
78,Familiar,Educational,YouTube,0,0,1,529,6.9,0.528,0
78,Familiar,Entertainment,TikTok,1,1,1,832,9.0,0.397,0
78,Familiar,Educational,YouTube,1,0,0,895,8.1,0.677,0
78,Familiar,Educational,YouTube,1,1,1,669,6.4,0.465,1
78,Familiar,Entertainment,YouTube,0,0,1,636,7.3,0.459,0
78,Familiar,Educational,YouTube,1,1,1,1226,7.7,0.684,0
79,Unfamiliar,Political,TikTok,0,1,0,747,6.4,0.669,0
79,Familiar,Educational,TikTok,1,1,1,1358,5.8,0.769,0
79,Familiar,Entertainment,Instagram,0,0,1,577,7.6,0.442,0
79,Familiar,Entertainment,YouTube,0,0,1,1107,8.2,0.511,0
79,Unfamiliar,Entertainment,TikTok,0,0,1,1036,4.1,0.511,0
79,Unfamiliar,Entertainment,Instagram,0,1,0,455,4.8,0.505,0
79,Unfamiliar,Entertainment,Instagram,0,0,1,1018,8.3,0.576,0
79,Familiar,Political,YouTube,1,1,1,1434,7.1,0.54,0
79,Familiar,Educational,TikTok,1,0,0,918,6.2,0.673,0
79,Unfamiliar,Entertainment,YouTube,1,1,1,477,5.4,0.64,1
79,Familiar,Entertainment,Instagram,0,0,1,1020,8.0,0.416,0
79,Unfamiliar,Entertainment,YouTube,1,0,0,1571,7.6,0.663,0
80,Unfamiliar,Entertainment,YouTube,0,0,1,485,6.9,0.69,0
80,Familiar,Educational,TikTok,1,1,1,825,6.4,0.591,0
80,Familiar,Educational,Instagram,0,1,0,1875,7.8,0.573,0
80,Familiar,Entertainment,TikTok,0,0,1,969,8.3,0.512,0
80,Unfamiliar,Educational,YouTube,0,0,1,712,7.1,0.547,0
80,Familiar,Entertainment,Instagram,0,0,1,641,6.0,0.648,0
80,Unfamiliar,Entertainment,TikTok,0,0,1,484,7.2,0.413,0
80,Familiar,Educational,YouTube,0,1,0,640,5.1,0.422,1
80,Familiar,Educational,TikTok,0,1,0,760,6.0,0.535,0
80,Familiar,Educational,Instagram,0,0,1,1169,6.9,0.723,1
80,Familiar,Educational,TikTok,1,1,1,1982,7.3,0.732,0
80,Unfamiliar,Entertainment,Instagram,1,1,1,1105,7.4,0.607,1
81,Familiar,Entertainment,YouTube,1,0,0,774,6.6,0.544,0
81,Unfamiliar,Political,TikTok,0,1,0,934,6.9,0.724,1
81,Familiar,Educational,YouTube,0,0,1,512,7.7,0.431,1
81,Familiar,Educational,YouTube,0,0,1,491,8.0,0.471,0
81,Familiar,Educational,TikTok,0,0,1,793,5.2,0.782,0
81,Familiar,Educational,YouTube,1,0,0,1396,6.9,0.835,0
81,Familiar,Political,YouTube,1,0,0,1303,3.6,0.49,0
81,Familiar,Educational,TikTok,1,1,1,1460,8.1,0.573,0
81,Familiar,Political,TikTok,0,0,1,717,7.6,0.417,1
81,Familiar,Educational,Instagram,1,1,1,819,5.6,0.534,0
81,Unfamiliar,Political,Instagram,1,0,0,853,4.7,0.516,0
81,Unfamiliar,Educational,Instagram,0,0,1,1379,4.7,0.527,1
82,Familiar,Educational,YouTube,1,1,1,979,7.2,0.414,0
82,Unfamiliar,Entertainment,TikTok,1,0,0,853,7.3,0.649,1
82,Unfamiliar,Educational,Instagram,1,1,1,1122,5.3,0.665,1
82,Familiar,Educational,YouTube,0,0,1,714,7.8,0.528,1
82,Unfamiliar,Educational,Instagram,0,0,1,1073,7.4,0.599,1
82,Familiar,Educational,Instagram,1,1,1,1087,6.6,0.542,1
82,Familiar,Educational,TikTok,0,0,1,422,5.4,0.645,1
82,Unfamiliar,Entertainment,TikTok,1,1,1,474,4.7,0.718,0
82,Familiar,Political,YouTube,0,0,1,841,8.2,0.469,1
82,Familiar,Educational,Instagram,0,0,1,640,7.0,0.679,0
82,Familiar,Educational,Instagram,0,1,0,551,7.7,0.694,0
82,Familiar,Educational,Instagram,0,1,0,569,7.0,0.534,0
83,Unfamiliar,Educational,TikTok,1,1,1,646,8.0,0.661,1
83,Familiar,Entertainment,TikTok,0,0,1,1311,10.0,0.626,1
83,Familiar,Educational,Instagram,1,0,0,508,6.8,0.44,0
83,Familiar,Entertainment,YouTube,0,0,1,760,7.6,0.375,0
83,Unfamiliar,Educational,YouTube,0,1,0,650,7.5,0.566,0
83,Familiar,Political,YouTube,1,1,1,1290,8.5,0.575,0
83,Familiar,Entertainment,YouTube,0,1,0,998,6.9,0.46,1
83,Familiar,Entertainment,Instagram,1,0,0,733,6.6,0.626,1
83,Unfamiliar,Entertainment,TikTok,1,1,1,497,7.3,0.567,1
83,Familiar,Educational,YouTube,1,1,1,660,7.2,0.408,0
83,Unfamiliar,Political,Instagram,1,1,1,729,6.5,0.486,1
83,Familiar,Educational,Instagram,0,1,0,2112,4.5,0.546,0
84,Unfamiliar,Political,Instagram,1,1,1,777,5.3,0.438,0
84,Familiar,Entertainment,TikTok,0,0,1,783,6.1,0.943,1
84,Familiar,Political,YouTube,0,0,1,1066,7.3,0.733,1
84,Familiar,Educational,TikTok,1,0,0,1105,6.5,0.489,0
84,Familiar,Political,Instagram,1,1,1,752,5.5,0.58,1
84,Familiar,Entertainment,TikTok,0,0,1,1101,7.4,0.396,0
84,Familiar,Educational,TikTok,0,1,0,1595,6.5,0.587,1
84,Unfamiliar,Educational,TikTok,0,0,1,1497,5.7,0.552,0
84,Familiar,Entertainment,TikTok,0,0,1,1068,3.2,0.445,0
84,Familiar,Educational,TikTok,0,0,1,681,5.4,0.594,0
84,Familiar,Entertainment,TikTok,0,0,1,820,6.8,0.685,1
84,Familiar,Entertainment,Instagram,1,1,1,963,5.2,0.653,1
85,Unfamiliar,Educational,TikTok,0,0,1,703,5.8,0.665,1
85,Familiar,Entertainment,TikTok,1,1,1,1012,8.1,0.628,0
85,Unfamiliar,Entertainment,TikTok,1,1,1,1253,7.9,0.424,0
85,Familiar,Educational,TikTok,1,0,0,1275,6.1,0.678,1
85,Familiar,Entertainment,YouTube,0,1,0,1234,8.7,0.709,0
85,Unfamiliar,Educational,Instagram,1,1,1,471,8.9,0.53,0
85,Familiar,Political,TikTok,1,0,0,866,7.4,0.661,0
85,Unfamiliar,Educational,TikTok,0,0,1,595,5.0,0.666,0
85,Unfamiliar,Entertainment,TikTok,0,0,1,679,8.8,0.658,1
85,Familiar,Entertainment,YouTube,0,0,1,470,6.1,0.7,1
85,Familiar,Political,YouTube,0,0,1,1272,5.7,0.532,1
85,Familiar,Entertainment,TikTok,0,1,0,704,8.0,0.505,0
86,Unfamiliar,Entertainment,YouTube,0,0,1,1012,4.5,0.542,0
86,Unfamiliar,Entertainment,TikTok,1,1,1,1769,5.5,0.436,0
86,Unfamiliar,Educational,Instagram,0,1,0,721,7.7,0.658,0
86,Familiar,Entertainment,YouTube,0,1,0,843,6.5,0.543,1
86,Familiar,Educational,YouTube,0,1,0,1602,5.6,0.612,0
86,Unfamiliar,Entertainment,TikTok,0,0,1,695,5.9,0.879,0
86,Familiar,Educational,Instagram,1,0,0,1035,6.2,0.527,0
86,Familiar,Entertainment,TikTok,0,0,1,1383,6.6,0.56,0
86,Familiar,Entertainment,Instagram,1,1,1,502,7.4,0.556,1
86,Unfamiliar,Entertainment,YouTube,1,1,1,598,7.0,0.483,1
86,Familiar,Entertainment,YouTube,0,1,0,818,9.2,0.392,0
86,Familiar,Political,Instagram,1,1,1,774,7.0,0.483,0
87,Familiar,Educational,YouTube,0,0,1,449,8.6,0.683,1
87,Familiar,Educational,TikTok,1,1,1,1074,6.3,0.713,0
87,Familiar,Political,YouTube,0,1,0,1510,6.7,0.427,0
87,Unfamiliar,Entertainment,YouTube,0,0,1,686,6.1,0.748,1
87,Unfamiliar,Entertainment,TikTok,0,0,1,539,9.9,0.607,1
87,Familiar,Political,Instagram,0,0,1,461,10.0,0.721,1
87,Unfamiliar,Educational,YouTube,1,1,1,1248,5.1,0.602,1
87,Familiar,Educational,TikTok,0,0,1,460,6.3,0.794,1
87,Familiar,Educational,TikTok,0,0,1,693,8.4,0.38,0
87,Unfamiliar,Entertainment,Instagram,1,1,1,1075,7.7,0.543,0
87,Unfamiliar,Educational,TikTok,0,1,0,1573,7.1,0.706,1
87,Familiar,Political,TikTok,1,0,0,1269,5.0,0.597,0
88,Unfamiliar,Entertainment,YouTube,0,0,1,518,6.4,0.609,0
88,Familiar,Political,Instagram,1,1,1,1152,6.5,0.467,0
88,Unfamiliar,Educational,TikTok,1,0,0,1362,5.1,0.515,0
88,Unfamiliar,Political,YouTube,0,0,1,794,7.1,0.712,1
88,Familiar,Educational,Instagram,0,0,1,671,7.2,0.675,1
88,Familiar,Entertainment,YouTube,0,1,0,2377,7.7,0.353,0
88,Unfamiliar,Entertainment,TikTok,1,0,0,652,4.6,0.705,0
88,Familiar,Entertainment,Instagram,0,0,1,482,5.6,0.575,0
88,Unfamiliar,Entertainment,TikTok,0,1,0,1173,8.9,0.639,1
88,Familiar,Entertainment,Instagram,1,1,1,720,8.1,0.576,0
88,Unfamiliar,Educational,TikTok,0,0,1,828,4.6,0.591,0
88,Familiar,Political,YouTube,0,0,1,739,5.5,0.482,0
89,Familiar,Political,TikTok,0,1,0,681,6.1,0.428,0
89,Familiar,Entertainment,Instagram,1,1,1,990,7.1,0.564,0
89,Familiar,Educational,YouTube,0,1,0,607,4.5,0.693,0
89,Familiar,Political,Instagram,0,0,1,1114,6.3,0.492,0
89,Familiar,Educational,TikTok,0,0,1,1110,8.9,0.462,1
89,Unfamiliar,Entertainment,Instagram,0,0,1,494,7.3,0.615,1
89,Unfamiliar,Educational,TikTok,0,0,1,1066,5.0,0.531,0
89,Unfamiliar,Entertainment,TikTok,1,1,1,521,3.2,0.691,1
89,Familiar,Political,Instagram,1,1,1,485,8.2,0.6,0
89,Familiar,Entertainment,YouTube,1,0,0,405,8.6,0.631,1
89,Unfamiliar,Entertainment,YouTube,0,0,1,1109,7.0,0.318,0
89,Unfamiliar,Political,YouTube,0,0,1,1097,6.6,0.673,0
90,Unfamiliar,Political,TikTok,1,1,1,1586,7.0,0.683,1
90,Familiar,Educational,YouTube,0,1,0,425,7.7,0.398,0
90,Familiar,Educational,YouTube,0,1,0,1050,6.2,0.496,0
90,Familiar,Political,Instagram,0,0,1,974,4.3,0.354,0
90,Familiar,Entertainment,YouTube,1,1,1,1081,7.4,0.375,1
90,Unfamiliar,Educational,Instagram,1,1,1,1241,5.3,0.673,0
90,Familiar,Entertainment,YouTube,1,1,1,719,6.3,0.647,1
90,Unfamiliar,Educational,YouTube,0,1,0,1042,6.7,0.674,1
90,Unfamiliar,Educational,Instagram,1,1,1,580,7.6,0.727,1
90,Familiar,Entertainment,YouTube,0,0,1,1239,4.4,0.567,0
90,Unfamiliar,Entertainment,Instagram,1,1,1,1922,6.7,0.447,0
90,Unfamiliar,Entertainment,Instagram,0,0,1,457,5.5,0.396,0
91,Familiar,Political,YouTube,0,0,1,838,8.9,0.459,0
91,Familiar,Educational,YouTube,1,1,1,751,5.2,0.494,0
91,Unfamiliar,Entertainment,YouTube,0,0,1,1095,6.8,0.552,0
91,Familiar,Educational,TikTok,1,0,0,965,6.9,0.549,0
91,Unfamiliar,Entertainment,Instagram,1,0,0,783,6.4,0.751,1
91,Familiar,Entertainment,Instagram,1,1,1,1576,7.6,0.331,0
91,Familiar,Entertainment,Instagram,0,0,1,442,5.8,0.594,0
91,Unfamiliar,Political,Instagram,1,0,0,774,7.8,0.577,1
91,Familiar,Entertainment,Instagram,0,0,1,1010,5.9,0.658,0
91,Unfamiliar,Political,YouTube,0,0,1,494,8.1,0.54,0
91,Familiar,Entertainment,YouTube,1,0,0,1757,7.5,0.354,0
91,Familiar,Political,TikTok,0,0,1,1117,9.8,0.547,1
92,Familiar,Entertainment,Instagram,1,0,0,709,10.0,0.678,0
92,Unfamiliar,Educational,TikTok,0,0,1,961,5.1,0.638,0
92,Familiar,Entertainment,TikTok,1,1,1,662,10.0,0.365,0
92,Familiar,Educational,YouTube,0,0,1,869,6.2,0.563,0
92,Unfamiliar,Educational,YouTube,0,0,1,1066,5.0,0.658,1
92,Familiar,Educational,YouTube,0,1,0,678,6.6,0.625,1
92,Unfamiliar,Entertainment,YouTube,0,0,1,938,4.4,0.538,0
92,Familiar,Entertainment,YouTube,1,1,1,364,8.1,0.643,1
92,Familiar,Political,YouTube,0,1,0,780,6.2,0.723,1
92,Unfamiliar,Entertainment,TikTok,1,0,0,751,7.0,0.747,1
92,Familiar,Educational,Instagram,0,0,1,706,6.1,0.519,1
92,Familiar,Entertainment,Instagram,1,1,1,718,8.7,0.612,1
93,Familiar,Educational,YouTube,0,0,1,580,5.9,0.5,0
93,Familiar,Political,YouTube,1,0,0,1390,5.8,0.699,0
93,Familiar,Educational,TikTok,0,1,0,905,7.4,0.581,1
93,Familiar,Educational,YouTube,1,1,1,562,7.1,0.545,0
93,Unfamiliar,Educational,TikTok,1,1,1,1261,4.3,0.53,1
93,Unfamiliar,Political,YouTube,0,0,1,573,4.9,0.348,0
93,Unfamiliar,Educational,Instagram,0,0,1,612,5.8,0.748,0
93,Unfamiliar,Political,Instagram,0,0,1,2000,4.2,0.806,0
93,Familiar,Educational,TikTok,0,0,1,540,6.0,0.865,1
93,Familiar,Educational,YouTube,0,0,1,755,8.6,0.625,1
93,Familiar,Political,YouTube,0,1,0,1231,6.2,0.808,1
93,Unfamiliar,Entertainment,TikTok,1,0,0,982,6.4,0.867,0
94,Unfamiliar,Entertainment,YouTube,0,0,1,765,5.9,0.576,0
94,Unfamiliar,Educational,Instagram,1,1,1,890,5.9,0.811,1
94,Familiar,Entertainment,Instagram,0,0,1,643,8.0,0.71,1
94,Familiar,Educational,Instagram,1,1,1,1270,9.4,0.779,1
94,Unfamiliar,Entertainment,TikTok,1,1,1,816,6.4,0.773,0
94,Familiar,Entertainment,YouTube,0,0,1,410,6.8,0.616,0
94,Familiar,Entertainment,YouTube,0,1,0,1550,9.1,0.456,1
94,Unfamiliar,Educational,Instagram,1,1,1,641,6.8,0.624,0
94,Unfamiliar,Educational,TikTok,0,0,1,1778,8.7,0.627,0
94,Unfamiliar,Entertainment,TikTok,1,1,1,903,7.3,0.672,0
94,Familiar,Entertainment,TikTok,0,0,1,625,6.6,0.651,0
94,Familiar,Entertainment,Instagram,0,0,1,387,7.7,0.584,0
95,Familiar,Entertainment,TikTok,0,0,1,616,6.0,0.646,1
95,Familiar,Entertainment,Instagram,1,1,1,1278,7.7,0.567,1
95,Familiar,Educational,YouTube,1,0,0,1600,6.6,0.589,0
95,Familiar,Educational,YouTube,1,1,1,655,4.6,0.752,1
95,Unfamiliar,Entertainment,YouTube,0,1,0,554,7.6,0.572,1
95,Unfamiliar,Educational,TikTok,0,0,1,2388,6.4,0.642,1
95,Unfamiliar,Educational,Instagram,1,1,1,679,4.1,0.8,1
95,Familiar,Educational,Instagram,0,0,1,404,6.9,0.772,1
95,Unfamiliar,Educational,Instagram,1,1,1,1268,7.5,0.521,1
95,Unfamiliar,Educational,TikTok,1,1,1,842,7.5,0.69,0
95,Unfamiliar,Political,Instagram,1,0,0,1338,6.6,0.553,0
95,Unfamiliar,Entertainment,Instagram,1,1,1,617,5.5,0.529,0
96,Unfamiliar,Entertainment,YouTube,0,1,0,694,7.8,0.532,0
96,Unfamiliar,Educational,Instagram,1,1,1,840,5.9,0.643,0
96,Unfamiliar,Political,YouTube,0,0,1,1361,4.9,0.648,1
96,Familiar,Educational,Instagram,0,0,1,723,8.7,0.593,0
96,Unfamiliar,Entertainment,TikTok,1,1,1,761,5.4,0.697,0
96,Unfamiliar,Educational,TikTok,0,0,1,650,6.4,0.607,0
96,Familiar,Political,YouTube,1,1,1,550,6.6,0.267,0
96,Unfamiliar,Educational,Instagram,0,0,1,1466,7.4,0.524,1
96,Familiar,Entertainment,TikTok,0,0,1,687,6.8,0.5,1
96,Unfamiliar,Educational,TikTok,1,1,1,1420,7.1,0.548,1
96,Unfamiliar,Entertainment,TikTok,1,1,1,536,8.4,0.719,1
96,Familiar,Educational,YouTube,0,0,1,615,5.1,0.72,1
97,Familiar,Political,Instagram,0,0,1,926,4.9,0.366,0
97,Unfamiliar,Educational,Instagram,0,0,1,726,7.6,0.598,1
97,Familiar,Educational,YouTube,0,1,0,639,4.0,0.543,0
97,Unfamiliar,Educational,TikTok,1,1,1,999,6.7,0.46,0
97,Familiar,Entertainment,TikTok,0,0,1,1083,8.5,0.575,1
97,Unfamiliar,Entertainment,YouTube,1,0,0,740,6.5,0.548,0
97,Familiar,Political,TikTok,0,0,1,720,6.8,0.745,1
97,Unfamiliar,Educational,YouTube,0,0,1,577,6.4,0.579,0
97,Unfamiliar,Educational,TikTok,1,1,1,1212,7.2,0.636,1
97,Unfamiliar,Educational,TikTok,0,0,1,549,5.0,0.491,0
97,Familiar,Entertainment,YouTube,0,0,1,803,8.7,0.472,1
97,Unfamiliar,Educational,YouTube,0,0,1,1217,3.7,0.629,0
98,Familiar,Entertainment,TikTok,0,0,1,663,5.3,0.423,0
98,Familiar,Educational,YouTube,0,1,0,1507,7.1,0.566,1
98,Familiar,Entertainment,TikTok,1,1,1,1004,7.9,0.578,1
98,Familiar,Entertainment,TikTok,1,1,1,845,6.7,0.433,1
98,Familiar,Entertainment,Instagram,0,0,1,918,8.5,0.648,1
98,Familiar,Educational,Instagram,0,1,0,1696,6.2,0.48,1
98,Familiar,Entertainment,Instagram,1,1,1,1257,4.9,0.845,0
98,Familiar,Political,YouTube,1,0,0,657,9.4,0.557,1
98,Unfamiliar,Entertainment,Instagram,0,0,1,442,7.6,0.69,0
98,Familiar,Educational,Instagram,0,0,1,1567,4.7,0.307,0
98,Familiar,Entertainment,TikTok,0,0,1,343,6.7,0.51,0
98,Familiar,Educational,YouTube,1,1,1,550,5.9,0.453,1
99,Unfamiliar,Political,YouTube,0,1,0,647,6.4,0.507,0
99,Unfamiliar,Educational,TikTok,1,0,0,683,4.7,0.582,0
99,Familiar,Political,Instagram,0,1,0,565,4.6,0.722,1
99,Familiar,Entertainment,YouTube,0,0,1,958,10.0,0.581,1
99,Familiar,Entertainment,TikTok,1,1,1,1048,4.5,0.742,0
99,Familiar,Educational,Instagram,1,1,1,981,7.9,0.656,1
99,Familiar,Entertainment,TikTok,0,0,1,2403,8.0,0.493,0
99,Familiar,Entertainment,Instagram,0,1,0,863,8.0,0.555,0
99,Familiar,Entertainment,TikTok,0,0,1,848,7.7,0.59,1
99,Familiar,Entertainment,YouTube,1,1,1,2043,6.1,0.443,0
99,Familiar,Political,YouTube,0,0,1,1086,6.8,0.434,0
99,Familiar,Entertainment,Instagram,0,1,0,1162,8.3,0.658,1
100,Unfamiliar,Political,Instagram,1,1,1,498,7.3,0.478,0
100,Familiar,Entertainment,TikTok,0,1,0,887,8.0,0.825,1
100,Unfamiliar,Educational,YouTube,0,0,1,1027,4.8,0.614,1
100,Unfamiliar,Entertainment,Instagram,0,1,0,855,5.8,0.736,1
100,Familiar,Educational,TikTok,1,1,1,769,6.1,0.746,1
100,Unfamiliar,Educational,Instagram,0,0,1,978,7.8,0.517,1
100,Familiar,Political,TikTok,1,0,0,801,6.5,0.729,1
100,Unfamiliar,Entertainment,Instagram,0,0,1,327,6.2,0.65,0
100,Familiar,Educational,Instagram,0,1,0,782,8.3,0.517,1
100,Unfamiliar,Entertainment,Instagram,1,1,1,978,8.6,0.673,0
100,Unfamiliar,Educational,Instagram,1,1,1,1621,4.5,0.606,1
100,Familiar,Educational,TikTok,0,0,1,1009,8.6,0.692,0
101,Unfamiliar,Entertainment,Instagram,1,0,0,928,8.1,0.576,0
101,Unfamiliar,Educational,YouTube,0,1,0,767,5.6,0.664,1
101,Unfamiliar,Political,Instagram,0,0,1,2091,5.6,0.897,1
101,Unfamiliar,Entertainment,Instagram,0,0,1,962,6.2,0.7,1
101,Unfamiliar,Entertainment,YouTube,0,0,1,764,5.2,0.719,1
101,Familiar,Educational,Instagram,0,0,1,548,7.0,0.306,0
101,Unfamiliar,Entertainment,TikTok,0,0,1,628,6.8,0.471,0
101,Familiar,Educational,TikTok,1,1,1,1512,6.9,0.712,0
101,Unfamiliar,Entertainment,Instagram,1,1,1,775,6.0,0.524,1
101,Unfamiliar,Educational,TikTok,0,0,1,2170,6.1,0.669,1
101,Familiar,Political,Instagram,1,1,1,1034,6.6,0.444,0
101,Unfamiliar,Entertainment,YouTube,1,1,1,672,7.1,0.584,1
102,Familiar,Entertainment,TikTok,1,1,1,645,5.5,0.546,0
102,Familiar,Entertainment,Instagram,0,0,1,1272,7.5,0.406,0
102,Unfamiliar,Educational,TikTok,1,1,1,1704,6.2,0.551,0
102,Unfamiliar,Educational,Instagram,0,1,0,643,6.3,0.545,1
102,Familiar,Entertainment,YouTube,0,1,0,1529,5.4,0.62,1
102,Familiar,Educational,Instagram,1,1,1,697,7.5,0.2,0
102,Unfamiliar,Entertainment,TikTok,0,0,1,381,7.4,0.475,0
102,Unfamiliar,Political,TikTok,1,1,1,685,6.2,0.628,0
102,Unfamiliar,Educational,YouTube,1,1,1,978,8.2,0.487,0
102,Familiar,Entertainment,YouTube,0,1,0,1130,6.9,0.588,1
102,Familiar,Entertainment,Instagram,0,1,0,1102,6.5,0.714,1
102,Familiar,Political,Instagram,1,1,1,976,6.2,0.643,0
103,Familiar,Educational,Instagram,0,0,1,640,9.1,0.583,1
103,Familiar,Educational,Instagram,1,1,1,909,4.2,0.469,0
103,Unfamiliar,Political,TikTok,1,1,1,453,4.2,0.729,0
103,Unfamiliar,Entertainment,Instagram,1,0,0,508,4.7,0.644,1
103,Unfamiliar,Educational,YouTube,1,0,0,1021,6.2,0.683,0
103,Unfamiliar,Political,TikTok,0,0,1,1019,5.1,0.666,1
103,Unfamiliar,Political,YouTube,0,0,1,818,4.9,0.69,1
103,Familiar,Entertainment,TikTok,0,1,0,711,7.3,0.478,1
103,Unfamiliar,Political,Instagram,0,0,1,425,4.8,0.663,1
103,Unfamiliar,Political,TikTok,1,1,1,1275,6.2,0.611,0
103,Unfamiliar,Educational,Instagram,0,0,1,770,4.7,0.517,0
103,Unfamiliar,Entertainment,TikTok,1,1,1,973,6.1,0.479,0
104,Familiar,Entertainment,YouTube,1,1,1,755,6.0,0.867,1
104,Unfamiliar,Entertainment,Instagram,0,1,0,716,6.4,0.75,0
104,Familiar,Entertainment,YouTube,1,0,0,818,7.1,0.651,1
104,Familiar,Entertainment,TikTok,0,0,1,390,5.8,0.759,1
104,Unfamiliar,Educational,YouTube,1,1,1,552,5.8,0.549,0
104,Unfamiliar,Entertainment,YouTube,0,0,1,1264,6.7,0.564,0
104,Familiar,Educational,Instagram,0,0,1,818,7.4,0.565,0
104,Unfamiliar,Entertainment,Instagram,1,0,0,954,9.6,0.654,1
104,Familiar,Educational,TikTok,1,1,1,1277,9.5,0.559,0
104,Familiar,Entertainment,YouTube,1,1,1,627,9.1,0.565,1
104,Unfamiliar,Entertainment,TikTok,0,1,0,1505,5.4,0.519,0
104,Unfamiliar,Entertainment,Instagram,0,0,1,1187,5.1,0.385,0
105,Unfamiliar,Entertainment,Instagram,0,0,1,1469,4.0,0.95,1
105,Familiar,Entertainment,YouTube,0,0,1,914,4.9,0.515,0
105,Familiar,Entertainment,Instagram,1,1,1,586,5.8,0.861,1
105,Familiar,Entertainment,TikTok,0,0,1,528,5.5,0.255,0
105,Familiar,Political,YouTube,1,1,1,665,6.3,0.67,0
105,Familiar,Political,YouTube,0,0,1,570,6.9,0.522,0
105,Familiar,Educational,YouTube,0,1,0,794,6.6,0.532,1
105,Unfamiliar,Educational,YouTube,0,1,0,859,6.8,0.318,0
105,Familiar,Political,YouTube,1,1,1,812,4.4,0.583,0
105,Familiar,Entertainment,YouTube,0,0,1,511,5.0,0.804,0
105,Unfamiliar,Educational,YouTube,1,1,1,637,6.7,0.317,0
105,Familiar,Educational,YouTube,1,1,1,829,5.3,0.485,0
106,Unfamiliar,Educational,TikTok,0,0,1,2441,7.5,0.625,0
106,Unfamiliar,Entertainment,Instagram,0,1,0,1244,7.8,0.401,0
106,Familiar,Educational,Instagram,0,1,0,1089,5.2,0.599,1
106,Unfamiliar,Educational,Instagram,1,0,0,699,7.3,0.714,0
106,Familiar,Educational,Instagram,0,0,1,890,6.7,0.505,0
106,Familiar,Entertainment,YouTube,1,0,0,1552,7.6,0.543,0
106,Unfamiliar,Entertainment,TikTok,0,0,1,620,5.8,0.575,1
106,Familiar,Educational,YouTube,0,0,1,538,5.5,0.753,0
106,Familiar,Entertainment,TikTok,0,0,1,415,7.7,0.45,1
106,Unfamiliar,Entertainment,TikTok,0,0,1,704,7.5,0.708,1
106,Unfamiliar,Political,TikTok,1,1,1,1671,6.8,0.476,0
106,Unfamiliar,Entertainment,TikTok,1,0,0,1112,7.2,0.59,1
107,Unfamiliar,Entertainment,Instagram,0,0,1,549,7.5,0.539,1
107,Familiar,Educational,Instagram,0,1,0,1249,5.7,0.773,0
107,Unfamiliar,Entertainment,TikTok,1,0,0,1360,6.8,0.557,0
107,Unfamiliar,Political,TikTok,1,0,0,715,4.0,0.58,0
107,Unfamiliar,Entertainment,YouTube,1,0,0,1047,6.8,0.376,0
107,Unfamiliar,Entertainment,TikTok,0,0,1,1017,6.1,0.375,1
107,Unfamiliar,Entertainment,YouTube,1,1,1,863,7.3,0.45,0
107,Unfamiliar,Entertainment,Instagram,0,0,1,1585,6.1,0.646,0
107,Familiar,Educational,TikTok,1,1,1,1003,5.3,0.633,0
107,Familiar,Educational,Instagram,0,0,1,1357,3.3,0.757,1
107,Unfamiliar,Entertainment,Instagram,1,0,0,535,5.9,0.659,0
107,Familiar,Entertainment,TikTok,0,1,0,411,9.1,0.56,0
108,Familiar,Entertainment,TikTok,0,0,1,1231,8.4,0.648,0
108,Familiar,Educational,Instagram,1,1,1,1133,7.0,0.548,1
108,Unfamiliar,Political,TikTok,0,1,0,1261,6.3,0.479,0
108,Familiar,Educational,YouTube,1,0,0,751,5.7,0.429,0
108,Familiar,Entertainment,TikTok,0,0,1,1942,7.6,0.443,1
108,Familiar,Entertainment,TikTok,0,0,1,1126,8.7,0.418,0
108,Unfamiliar,Educational,Instagram,0,1,0,1234,6.4,0.583,0
108,Unfamiliar,Entertainment,Instagram,0,1,0,1803,7.2,0.505,1
108,Unfamiliar,Educational,Instagram,0,0,1,631,5.8,0.476,1
108,Familiar,Educational,TikTok,0,0,1,1349,5.6,0.605,0
108,Familiar,Educational,YouTube,1,1,1,655,8.1,0.572,1
108,Familiar,Entertainment,Instagram,0,1,0,934,7.2,0.717,0
109,Unfamiliar,Political,TikTok,0,0,1,862,3.8,0.672,1
109,Familiar,Entertainment,TikTok,0,0,1,824,6.8,0.498,0
109,Familiar,Educational,TikTok,0,0,1,1071,4.8,0.309,0
109,Unfamiliar,Educational,TikTok,0,0,1,808,6.1,0.592,0
109,Familiar,Political,Instagram,0,1,0,1267,6.1,0.563,1
109,Unfamiliar,Educational,YouTube,0,1,0,638,6.3,0.673,0
109,Unfamiliar,Entertainment,Instagram,0,0,1,563,3.8,0.744,0
109,Familiar,Entertainment,YouTube,1,0,0,2292,8.7,0.353,0
109,Familiar,Entertainment,TikTok,1,1,1,1351,9.4,0.69,0
109,Unfamiliar,Political,Instagram,0,0,1,1414,6.5,0.632,0
109,Unfamiliar,Entertainment,Instagram,1,0,0,441,8.4,0.656,0
109,Unfamiliar,Political,YouTube,0,0,1,969,7.1,0.644,1
110,Familiar,Political,Instagram,0,0,1,466,5.0,0.497,0
110,Unfamiliar,Entertainment,YouTube,0,0,1,787,5.8,0.49,0
110,Familiar,Political,Instagram,0,1,0,759,4.4,0.557,1
110,Familiar,Entertainment,TikTok,1,1,1,700,8.5,0.876,1
110,Familiar,Educational,Instagram,0,1,0,1553,6.4,0.405,0
110,Familiar,Educational,TikTok,0,1,0,406,6.3,0.559,0
110,Unfamiliar,Entertainment,YouTube,1,1,1,592,7.6,0.546,0
110,Unfamiliar,Entertainment,TikTok,1,1,1,498,4.5,0.461,0
110,Unfamiliar,Educational,YouTube,0,0,1,461,6.0,0.609,0
110,Familiar,Political,Instagram,1,1,1,783,7.2,0.602,1
110,Familiar,Political,TikTok,1,1,1,1265,8.4,0.384,1
110,Unfamiliar,Educational,Instagram,0,0,1,1246,7.4,0.572,0
111,Familiar,Political,YouTube,1,1,1,844,8.7,0.49,1
111,Unfamiliar,Entertainment,TikTok,0,1,0,598,4.7,0.69,1
111,Familiar,Educational,TikTok,0,1,0,1264,5.6,0.544,0
111,Unfamiliar,Entertainment,TikTok,1,1,1,1562,7.4,0.628,0
111,Unfamiliar,Educational,Instagram,0,0,1,1262,5.1,0.565,1
111,Familiar,Educational,Instagram,1,1,1,594,4.2,0.475,0
111,Familiar,Political,Instagram,0,0,1,625,6.7,0.689,1
111,Familiar,Political,YouTube,1,1,1,1161,6.3,0.496,0
111,Unfamiliar,Educational,YouTube,0,1,0,3279,5.9,0.582,1
111,Familiar,Entertainment,YouTube,1,1,1,2012,5.9,0.787,1
111,Familiar,Political,TikTok,1,1,1,1036,4.7,0.699,1
111,Unfamiliar,Political,Instagram,1,0,0,1435,6.8,0.631,1
112,Unfamiliar,Entertainment,YouTube,0,0,1,935,7.8,0.581,0
112,Unfamiliar,Political,Instagram,0,0,1,655,5.4,0.502,0
112,Unfamiliar,Entertainment,TikTok,1,0,0,692,8.6,0.778,0
112,Familiar,Entertainment,Instagram,1,1,1,1020,10.0,0.594,0
112,Familiar,Educational,YouTube,0,0,1,615,7.3,0.555,0
112,Familiar,Educational,TikTok,0,1,0,930,5.8,0.429,0
112,Unfamiliar,Educational,YouTube,1,1,1,618,5.9,0.548,0
112,Unfamiliar,Entertainment,YouTube,1,1,1,895,6.2,0.651,0
112,Unfamiliar,Entertainment,YouTube,0,0,1,486,4.9,0.619,1
112,Familiar,Political,Instagram,0,0,1,549,4.9,0.552,1
112,Unfamiliar,Entertainment,TikTok,1,0,0,655,7.1,0.693,1
112,Unfamiliar,Educational,YouTube,0,1,0,1117,6.0,0.538,0
113,Familiar,Political,YouTube,0,0,1,941,4.7,0.687,0
113,Unfamiliar,Entertainment,TikTok,1,1,1,1431,4.2,0.635,1
113,Unfamiliar,Entertainment,YouTube,1,1,1,1509,6.8,0.692,0
113,Familiar,Entertainment,TikTok,0,0,1,472,7.0,0.453,1
113,Familiar,Educational,YouTube,0,1,0,998,7.1,0.598,1
113,Unfamiliar,Political,YouTube,0,0,1,1118,2.9,0.355,0
113,Unfamiliar,Educational,YouTube,0,1,0,1534,4.6,0.564,0
113,Unfamiliar,Educational,Instagram,0,1,0,1032,7.0,0.547,0
113,Unfamiliar,Entertainment,TikTok,0,0,1,911,1.7,0.892,1
113,Unfamiliar,Educational,Instagram,0,0,1,2275,5.4,0.356,0
113,Unfamiliar,Entertainment,Instagram,0,0,1,827,8.6,0.682,0
113,Unfamiliar,Educational,TikTok,0,0,1,868,5.0,0.315,0
114,Familiar,Entertainment,TikTok,0,0,1,967,8.0,0.624,0
114,Familiar,Educational,TikTok,1,1,1,603,10.0,0.531,0
114,Familiar,Entertainment,TikTok,1,1,1,809,8.2,0.573,0
114,Familiar,Educational,YouTube,1,0,0,789,7.6,0.554,1
114,Familiar,Entertainment,Instagram,0,0,1,532,6.9,0.598,1
114,Unfamiliar,Political,Instagram,1,1,1,1480,4.2,0.642,0
114,Unfamiliar,Entertainment,YouTube,0,0,1,793,8.8,0.697,1
114,Familiar,Entertainment,Instagram,0,0,1,963,8.6,0.448,0
114,Familiar,Educational,Instagram,1,1,1,762,8.6,0.441,0
114,Unfamiliar,Entertainment,TikTok,0,1,0,674,6.9,0.776,0
114,Unfamiliar,Educational,YouTube,1,1,1,978,6.0,0.475,1
114,Familiar,Entertainment,YouTube,0,0,1,764,8.4,0.73,1
115,Familiar,Entertainment,YouTube,1,1,1,1362,6.9,0.618,0
115,Familiar,Entertainment,YouTube,0,1,0,435,6.7,0.575,0
115,Unfamiliar,Entertainment,TikTok,1,1,1,705,7.4,0.662,0
115,Familiar,Educational,Instagram,0,0,1,851,5.4,0.518,0
115,Unfamiliar,Entertainment,YouTube,0,0,1,1332,7.0,0.558,1
115,Unfamiliar,Political,TikTok,0,0,1,547,5.4,0.414,0
115,Unfamiliar,Entertainment,TikTok,1,1,1,1071,4.3,0.436,0
115,Familiar,Educational,Instagram,1,1,1,452,9.6,0.478,0
115,Unfamiliar,Entertainment,Instagram,0,1,0,1821,6.3,0.55,1
115,Familiar,Educational,YouTube,1,1,1,1365,6.5,0.412,0
115,Unfamiliar,Entertainment,YouTube,1,1,1,443,5.2,0.659,0
115,Unfamiliar,Entertainment,Instagram,0,1,0,919,6.0,0.555,0
116,Unfamiliar,Political,YouTube,1,1,1,663,7.8,0.715,1
116,Familiar,Entertainment,Instagram,0,0,1,2043,7.7,0.524,0
116,Familiar,Political,Instagram,0,0,1,696,6.5,0.41,1
116,Unfamiliar,Educational,Instagram,1,1,1,707,5.4,0.779,1
116,Familiar,Entertainment,YouTube,0,0,1,935,8.3,0.535,1
116,Unfamiliar,Entertainment,YouTube,1,1,1,595,8.4,0.469,1
116,Unfamiliar,Entertainment,YouTube,1,1,1,603,6.4,0.528,1
116,Familiar,Entertainment,TikTok,1,0,0,2156,5.8,0.502,0
116,Familiar,Entertainment,Instagram,0,0,1,625,8.0,0.476,1
116,Unfamiliar,Educational,TikTok,0,0,1,754,5.4,0.572,0
116,Familiar,Educational,Instagram,0,1,0,559,6.9,0.609,0
116,Unfamiliar,Educational,Instagram,0,0,1,883,8.9,0.674,0
117,Unfamiliar,Entertainment,YouTube,1,0,0,983,7.7,0.496,1
117,Familiar,Educational,YouTube,0,0,1,926,7.8,0.631,1
117,Unfamiliar,Entertainment,TikTok,0,1,0,1229,9.2,0.656,1
117,Unfamiliar,Educational,TikTok,0,0,1,485,6.3,0.803,1
117,Familiar,Political,Instagram,1,1,1,615,4.5,0.584,0
117,Unfamiliar,Political,YouTube,1,1,1,1105,4.6,0.855,0
117,Unfamiliar,Entertainment,Instagram,1,1,1,787,6.8,0.569,0
117,Unfamiliar,Political,TikTok,1,1,1,871,7.3,0.548,0
117,Unfamiliar,Educational,TikTok,0,1,0,816,4.1,0.552,0
117,Unfamiliar,Educational,YouTube,0,0,1,2243,7.1,0.746,1
117,Familiar,Educational,TikTok,0,0,1,1583,5.1,0.668,0
117,Unfamiliar,Entertainment,YouTube,0,0,1,619,4.5,0.578,1
118,Familiar,Entertainment,YouTube,0,0,1,1282,6.0,0.387,0
118,Unfamiliar,Entertainment,TikTok,1,1,1,653,6.2,0.653,1
118,Familiar,Educational,TikTok,0,0,1,812,6.8,0.5,1
118,Unfamiliar,Entertainment,YouTube,1,0,0,511,5.2,0.774,1
118,Familiar,Entertainment,Instagram,1,0,0,1008,5.5,0.482,1
118,Unfamiliar,Educational,TikTok,0,0,1,879,5.3,0.616,0
118,Unfamiliar,Entertainment,Instagram,1,0,0,556,7.1,0.583,1
118,Familiar,Entertainment,Instagram,1,1,1,957,5.7,0.544,1
118,Unfamiliar,Educational,Instagram,0,1,0,706,6.6,0.571,0
118,Unfamiliar,Educational,YouTube,1,1,1,1165,6.2,0.873,0
118,Unfamiliar,Political,YouTube,1,1,1,1658,3.9,0.474,0
118,Unfamiliar,Entertainment,YouTube,1,1,1,2077,6.4,0.591,0
119,Familiar,Educational,TikTok,0,0,1,1592,4.8,0.461,0
119,Familiar,Entertainment,TikTok,0,0,1,651,9.1,0.22,0
119,Familiar,Political,YouTube,1,0,0,1137,4.2,0.482,0
119,Familiar,Educational,YouTube,1,1,1,964,8.2,0.422,0
119,Unfamiliar,Political,Instagram,1,1,1,774,4.3,0.467,0
119,Unfamiliar,Educational,Instagram,1,1,1,1000,7.6,0.324,0
119,Familiar,Educational,YouTube,1,1,1,774,7.8,0.76,0
119,Unfamiliar,Educational,YouTube,1,1,1,841,3.7,0.95,0
119,Unfamiliar,Entertainment,YouTube,0,0,1,1201,7.5,0.564,0
119,Familiar,Educational,Instagram,1,1,1,436,4.0,0.694,0
119,Unfamiliar,Political,YouTube,0,1,0,728,5.6,0.661,0
119,Unfamiliar,Educational,YouTube,0,1,0,837,4.4,0.543,1
120,Unfamiliar,Educational,YouTube,1,1,1,927,7.4,0.53,0
120,Familiar,Entertainment,Instagram,1,1,1,636,4.5,0.377,0
120,Familiar,Educational,YouTube,1,1,1,698,4.3,0.81,1
120,Unfamiliar,Entertainment,TikTok,1,1,1,1037,4.7,0.671,1
120,Familiar,Entertainment,TikTok,1,1,1,397,7.1,0.589,0
120,Familiar,Educational,Instagram,1,1,1,913,7.4,0.323,0
120,Familiar,Entertainment,Instagram,0,0,1,1032,7.7,0.353,0
120,Unfamiliar,Political,Instagram,0,0,1,533,6.8,0.55,1
120,Familiar,Entertainment,Instagram,1,0,0,860,8.8,0.732,1
120,Unfamiliar,Educational,TikTok,0,0,1,888,7.0,0.693,0
120,Familiar,Entertainment,Instagram,0,0,1,693,7.4,0.34,1
120,Unfamiliar,Educational,YouTube,1,1,1,933,5.7,0.856,1
