"","GEOID","edu_total"
"1","01001",40188
"2","01003",167022
"3","01005",17675
"4","01007",15925
"5","01009",40817
"6","01011",7156
"7","01013",13266
"8","01015",78931
"9","01017",24706
"10","01019",18523
"11","01021",30609
"12","01023",9052
"13","01025",16015
"14","01027",10053
"15","01029",10630
"16","01031",36556
"17","01033",40835
"18","01035",8382
"19","01037",8049
"20","01039",26447
"21","01041",9148
"22","01043",61520
"23","01045",33687
"24","01047",25984
"25","01049",48385
"26","01051",61046
"27","01053",25461
"28","01055",72715
"29","01057",11428
"30","01059",21351
"31","01061",18982
"32","01063",5449
"33","01065",9980
"34","01067",12561
"35","01069",73993
"36","01071",37823
"37","01073",457310
"38","01075",9894
"39","01077",64564
"40","01079",23478
"41","01081",107084
"42","01083",73067
"43","01085",7035
"44","01087",11880
"45","01089",267305
"46","01091",12997
"47","01093",20785
"48","01095",64995
"49","01097",279868
"50","01099",13707
"51","01101",151442
"52","01103",84874
"53","01105",5314
"54","01107",13592
"55","01109",19205
"56","01111",15614
"57","01113",39868
"58","01115",64523
"59","01117",153645
"60","01119",7354
"61","01121",57406
"62","01123",29557
"63","01125",141959
"64","01127",45281
"65","01129",10500
"66","01131",7069
"67","01133",16998
"68","02013",2675
"69","02016",3861
"70","02020",192454
"71","02050",10109
"72","02060",636
"73","02063",4929
"74","02066",1791
"75","02068",1674
"76","02070",2902
"77","02090",61350
"78","02100",1420
"79","02105",1838
"80","02110",22947
"81","02122",41645
"82","02130",9869
"83","02150",8634
"84","02158",4052
"85","02164",651
"86","02170",71369
"87","02180",5564
"88","02185",7601
"89","02188",4230
"90","02195",2537
"91","02198",4151
"92","02220",6071
"93","02230",970
"94","02240",4534
"95","02275",1559
"96","02282",397
"97","02290",3451
"98","04001",42220
"99","04003",88211
"100","04005",86631
"101","04007",39673
"102","04009",24362
"103","04011",5854
"104","04012",13188
"105","04013",2987215
"106","04015",165754
"107","04017",70604
"108","04019",705718
"109","04021",302970
"110","04023",30749
"111","04025",184475
"112","04027",131335
"113","05001",11889
"114","05003",13222
"115","05005",31982
"116","05007",188577
"117","05009",26260
"118","05011",7105
"119","05013",3462
"120","05015",20180
"121","05017",7065
"122","05019",12424
"123","05021",10342
"124","05023",18612
"125","05025",5413
"126","05027",14189
"127","05029",14483
"128","05031",71091
"129","05033",41093
"130","05035",30572
"131","05037",11566
"132","05039",4671
"133","05041",7691
"134","05043",10906
"135","05045",77167
"136","05047",12025
"137","05049",8708
"138","05051",72911
"139","05053",12609
"140","05055",30946
"141","05057",13301
"142","05059",24022
"143","05061",8505
"144","05063",25382
"145","05065",10452
"146","05067",11927
"147","05069",45704
"148","05071",17235
"149","05073",4514
"150","05075",10950
"151","05077",6193
"152","05079",10007
"153","05081",8415
"154","05083",15192
"155","05085",49756
"156","05087",11654
"157","05089",12875
"158","05091",28953
"159","05093",26228
"160","05095",4771
"161","05097",6467
"162","05099",5657
"163","05101",5236
"164","05103",15755
"165","05105",7152
"166","05107",10670
"167","05109",7133
"168","05111",15626
"169","05113",13516
"170","05115",41041
"171","05117",5994
"172","05119",270873
"173","05121",12793
"174","05123",16284
"175","05125",86181
"176","05127",6909
"177","05129",5734
"178","05131",85873
"179","05133",9814
"180","05135",12611
"181","05137",9080
"182","05139",26493
"183","05141",11769
"184","05143",151212
"185","05145",50533
"186","05147",4387
"187","05149",13857
"188","06001",1193888
"189","06003",1068
"190","06005",31901
"191","06007",138986
"192","06009",35412
"193","06011",14021
"194","06013",808485
"195","06015",19672
"196","06017",140802
"197","06019",624392
"198","06021",18475
"199","06023",93612
"200","06025",110201
"201","06027",13867
"202","06029",553334
"203","06031",95084
"204","06033",48945
"205","06035",23744
"206","06037",6909650
"207","06039",99045
"208","06041",191565
"209","06043",13371
"210","06045",65163
"211","06047",168503
"212","06049",6511
"213","06051",9628
"214","06053",279734
"215","06055",98232
"216","06057",79007
"217","06059",2197677
"218","06061",286915
"219","06063",15236
"220","06065",1594000
"221","06067",1077155
"222","06069",42300
"223","06071",1388742
"224","06073",2257620
"225","06075",680343
"226","06077",495879
"227","06079",189527
"228","06081",547817
"229","06083",277891
"230","06085",1341405
"231","06087",180171
"232","06089",128883
"233","06091",2249
"234","06093",32134
"235","06095",312706
"236","06097",354851
"237","06099",350685
"238","06101",64986
"239","06103",44986
"240","06105",12553
"241","06107",280911
"242","06109",42078
"243","06111",575974
"244","06113",129126
"245","06115",51600
"246","08001",338792
"247","08003",9807
"248","08005",450081
"249","08007",10417
"250","08009",2504
"251","08011",4265
"252","08013",217821
"253","08014",52126
"254","08015",15510
"255","08017",1225
"256","08019",7643
"257","08021",4978
"258","08023",2617
"259","08025",4191
"260","08027",3787
"261","08029",22899
"262","08031",519431
"263","08033",1907
"264","08035",243113
"265","08037",40007
"266","08039",19030
"267","08041",478864
"268","08043",38046
"269","08045",41298
"270","08047",4658
"271","08049",12048
"272","08051",11260
"273","08053",787
"274","08055",5162
"275","08057",1076
"276","08059",424697
"277","08061",930
"278","08063",4798
"279","08065",5276
"280","08067",40389
"281","08069",239134
"282","08071",10599
"283","08073",4203
"284","08075",15042
"285","08077",109465
"286","08079",685
"287","08081",9006
"288","08083",18740
"289","08085",31003
"290","08087",18881
"291","08089",12641
"292","08091",4175
"293","08093",14180
"294","08095",2966
"295","08097",13499
"296","08099",7543
"297","08101",115954
"298","08103",4343
"299","08105",8092
"300","08107",18742
"301","08109",4901
"302","08111",552
"303","08113",6282
"304","08115",1718
"305","08117",24050
"306","08119",19324
"307","08121",3370
"308","08123",215564
"309","08125",6666
"310","09110",675246
"311","09120",221540
"312","09130",128960
"313","09140",320582
"314","09150",68920
"315","09160",82679
"316","09170",395812
"317","09180",197755
"318","09190",429296
"319","10001",122811
"320","10003",395423
"321","10005",182130
"322","11001",484596
"323","12001",169342
"324","12003",18827
"325","12005",129413
"326","12007",20149
"327","12009",455626
"328","12011",1382985
"329","12013",10046
"330","12015",157728
"331","12017",123782
"332","12019",151800
"333","12021",291752
"334","12023",48482
"335","12027",25022
"336","12029",12519
"337","12031",683191
"338","12033",218227
"339","12035",90826
"340","12037",9704
"341","12039",30567
"342","12041",12895
"343","12043",9569
"344","12045",11873
"345","12047",9968
"346","12049",16581
"347","12051",25602
"348","12053",147268
"349","12055",79094
"350","12057",1009935
"351","12059",14115
"352","12061",125938
"353","12063",34854
"354","12065",10826
"355","12067",5864
"356","12069",287099
"357","12071",583335
"358","12073",175063
"359","12075",31811
"360","12077",5516
"361","12079",13709
"362","12081",306549
"363","12083",281911
"364","12085",123856
"365","12086",1918837
"366","12087",64245
"367","12089",67839
"368","12091",146005
"369","12093",28352
"370","12095",966029
"371","12097",261881
"372","12099",1099423
"373","12101",411953
"374","12103",745450
"375","12105",509692
"376","12107",52656
"377","12109",198819
"378","12111",244780
"379","12113",133200
"380","12115",352738
"381","12117",334044
"382","12119",118708
"383","12121",31122
"384","12123",15853
"385","12125",11097
"386","12127",414960
"387","12129",24288
"388","12131",56427
"389","12133",18230
"390","13001",12283
"391","13003",5468
"392","13005",7324
"393","13007",2055
"394","13009",27849
"395","13011",12937
"396","13013",55726
"397","13015",73182
"398","13017",11502
"399","13019",12433
"400","13021",103131
"401","13023",8151
"402","13025",12582
"403","13027",11428
"404","13029",28192
"405","13031",45038
"406","13033",15584
"407","13035",17892
"408","13037",4212
"409","13039",35521
"410","13043",7318
"411","13045",76484
"412","13047",47530
"413","13049",9002
"414","13051",202409
"415","13053",4448
"416","13055",17279
"417","13057",183322
"418","13059",73265
"419","13061",1931
"420","13063",185573
"421","13065",4511
"422","13067",519750
"423","13069",28579
"424","13071",29871
"425","13073",104791
"426","13075",11189
"427","13077",100309
"428","13079",8525
"429","13081",13661
"430","13083",11294
"431","13085",19579
"432","13087",19270
"433","13089",522568
"434","13091",14411
"435","13093",8557
"436","13095",55209
"437","13097",93905
"438","13099",6854
"439","13101",2271
"440","13103",42691
"441","13105",13921
"442","13107",15273
"443","13109",6975
"444","13111",19858
"445","13113",81529
"446","13115",65521
"447","13117",165931
"448","13119",15957
"449","13121",730654
"450","13123",23455
"451","13125",1987
"452","13127",60152
"453","13129",39102
"454","13131",17685
"455","13133",14155
"456","13135",613696
"457","13137",31309
"458","13139",135246
"459","13141",6597
"460","13143",20766
"461","13145",24553
"462","13147",19076
"463","13149",7848
"464","13151",156722
"465","13153",107796
"466","13155",6529
"467","13157",52021
"468","13159",10251
"469","13161",9717
"470","13163",10550
"471","13165",6607
"472","13167",6644
"473","13169",19675
"474","13171",12272
"475","13173",6569
"476","13175",33167
"477","13177",21270
"478","13179",37758
"479","13181",5695
"480","13183",10800
"481","13185",70095
"482","13187",20748
"483","13189",14705
"484","13191",8928
"485","13193",8627
"486","13195",20802
"487","13197",5391
"488","13199",14753
"489","13201",4072
"490","13205",14690
"491","13207",19809
"492","13209",5719
"493","13211",14369
"494","13213",27036
"495","13215",134389
"496","13217",73089
"497","13219",27475
"498","13221",10536
"499","13223",111586
"500","13225",18005
"501","13227",24627
"502","13229",13247
"503","13231",13056
"504","13233",28540
"505","13235",7360
"506","13237",16260
"507","13239",1690
"508","13241",13158
"509","13243",4233
"510","13245",135577
"511","13247",62583
"512","13249",3019
"513","13251",10250
"514","13253",6698
"515","13255",46186
"516","13257",18319
"517","13259",4182
"518","13261",18489
"519","13263",4411
"520","13265",1300
"521","13267",16973
"522","13269",5518
"523","13271",8699
"524","13273",6081
"525","13275",31127
"526","13277",26945
"527","13279",17297
"528","13281",9554
"529","13283",4336
"530","13285",46260
"531","13287",6043
"532","13289",6030
"533","13291",19586
"534","13293",19052
"535","13295",47811
"536","13297",65681
"537","13299",24173
"538","13301",3692
"539","13303",14066
"540","13305",20263
"541","13307",1709
"542","13309",4792
"543","13311",19922
"544","13313",66792
"545","13315",6487
"546","13317",7015
"547","13319",6122
"548","13321",14450
"549","15001",145052
"550","15003",706586
"551","15005",50
"552","15007",52686
"553","15009",118155
"554","16001",340007
"555","16003",3489
"556","16005",55903
"557","16007",4244
"558","16009",6892
"559","16011",29380
"560","16013",17446
"561","16015",6136
"562","16017",35969
"563","16019",75960
"564","16021",8561
"565","16023",1873
"566","16025",733
"567","16027",147654
"568","16029",4501
"569","16031",14855
"570","16033",498
"571","16035",7082
"572","16037",3457
"573","16039",18203
"574","16041",8542
"575","16043",9060
"576","16045",13550
"577","16047",10051
"578","16049",12470
"579","16051",18071
"580","16053",15020
"581","16055",121326
"582","16057",23242
"583","16059",6015
"584","16061",2619
"585","16063",3410
"586","16065",17543
"587","16067",13452
"588","16069",29485
"589","16071",2926
"590","16073",8004
"591","16075",17063
"592","16077",4837
"593","16079",9706
"594","16081",8147
"595","16083",58172
"596","16085",9282
"597","16087",7460
"598","17001",45657
"599","17003",3759
"600","17005",11499
"601","17007",35284
"602","17009",4604
"603","17011",23667
"604","17013",3272
"605","17015",11436
"606","17017",8733
"607","17019",120366
"608","17021",24101
"609","17023",10749
"610","17025",9254
"611","17027",26316
"612","17029",30496
"613","17031",3639978
"614","17033",13584
"615","17035",7407
"616","17037",59829
"617","17039",11080
"618","17041",13255
"619","17043",642881
"620","17045",12383
"621","17047",4338
"622","17049",23734
"623","17051",15207
"624","17053",9337
"625","17055",26692
"626","17057",24468
"627","17059",3676
"628","17061",8500
"629","17063",35053
"630","17065",5698
"631","17067",12666
"632","17069",2986
"633","17071",4772
"634","17073",34814
"635","17075",19152
"636","17077",32045
"637","17079",6488
"638","17081",25881
"639","17083",15046
"640","17085",16549
"641","17087",9522
"642","17089",341945
"643","17091",71934
"644","17093",84909
"645","17095",34854
"646","17097",470203
"647","17099",77499
"648","17101",11072
"649","17103",25055
"650","17105",25201
"651","17107",19761
"652","17109",16716
"653","17111",213347
"654","17113",105439
"655","17115",71303
"656","17117",32052
"657","17119",184674
"658","17121",25988
"659","17123",8535
"660","17125",9456
"661","17127",10115
"662","17129",8663
"663","17131",11231
"664","17133",24746
"665","17135",20588
"666","17137",23217
"667","17139",9759
"668","17141",35975
"669","17143",121844
"670","17145",15183
"671","17147",11840
"672","17149",10348
"673","17151",2901
"674","17153",3627
"675","17155",4134
"676","17157",21938
"677","17159",10930
"678","17161",98788
"679","17163",175247
"680","17165",17219
"681","17167",136783
"682","17169",5271
"683","17171",3462
"684","17173",15077
"685","17175",3848
"686","17177",31630
"687","17179",92232
"688","17181",12380
"689","17183",50638
"690","17185",8048
"691","17187",10936
"692","17189",9907
"693","17191",11318
"694","17193",9985
"695","17195",39020
"696","17197",463903
"697","17199",47967
"698","17201",193727
"699","17203",25834
"700","18001",21481
"701","18003",251806
"702","18005",56069
"703","18007",5877
"704","18009",8474
"705","18011",47456
"706","18013",11918
"707","18015",14274
"708","18017",26047
"709","18019",84734
"710","18021",18327
"711","18023",21391
"712","18025",7507
"713","18027",20803
"714","18029",35409
"715","18031",17908
"716","18033",29344
"717","18035",69984
"718","18037",29469
"719","18039",131038
"720","18041",16326
"721","18043",55456
"722","18045",11606
"723","18047",15813
"724","18049",13974
"725","18051",22417
"726","18053",44085
"727","18055",21948
"728","18057",230317
"729","18059",55513
"730","18061",28044
"731","18063",118031
"732","18065",34936
"733","18067",57679
"734","18069",25375
"735","18071",31506
"736","18073",22772
"737","18075",13590
"738","18077",23144
"739","18079",19022
"740","18081",108217
"741","18083",24166
"742","18085",54022
"743","18087",23540
"744","18089",338457
"745","18091",78906
"746","18093",31977
"747","18095",91235
"748","18097",638893
"749","18099",30949
"750","18101",6871
"751","18103",25196
"752","18105",82493
"753","18107",25900
"754","18109",50065
"755","18111",9886
"756","18113",31895
"757","18115",4392
"758","18117",13737
"759","18119",15452
"760","18121",11469
"761","18123",13667
"762","18125",8607
"763","18127",120140
"764","18129",17929
"765","18131",8696
"766","18133",24842
"767","18135",17048
"768","18137",19738
"769","18139",11642
"770","18141",177621
"771","18143",16991
"772","18145",31447
"773","18147",14156
"774","18149",16188
"775","18151",23736
"776","18153",14972
"777","18155",6753
"778","18157",103685
"779","18159",10978
"780","18161",5038
"781","18163",123502
"782","18165",10900
"783","18167",68381
"784","18169",21621
"785","18171",6046
"786","18173",44259
"787","18175",19598
"788","18177",45558
"789","18179",18997
"790","18181",16992
"791","18183",23775
"792","19001",5285
"793","19003",2644
"794","19005",9729
"795","19007",8720
"796","19009",4054
"797","19011",17867
"798","19013",82951
"799","19015",19033
"800","19017",16513
"801","19019",13831
"802","19021",13055
"803","19023",10159
"804","19025",7078
"805","19027",14088
"806","19029",9380
"807","19031",13224
"808","19033",30790
"809","19035",8270
"810","19037",8212
"811","19039",6309
"812","19041",11256
"813","19043",12308
"814","19045",32458
"815","19047",10648
"816","19049",65734
"817","19051",5698
"818","19053",4761
"819","19055",12042
"820","19057",27152
"821","19059",13171
"822","19061",66284
"823","19063",6678
"824","19065",13601
"825","19067",10875
"826","19069",6948
"827","19071",4738
"828","19073",6218
"829","19075",8580
"830","19077",7603
"831","19079",10592
"832","19081",7683
"833","19083",12328
"834","19085",10166
"835","19087",13931
"836","19089",6381
"837","19091",6652
"838","19093",4740
"839","19095",11550
"840","19097",13787
"841","19099",26686
"842","19101",12023
"843","19103",90653
"844","19105",14978
"845","19107",6987
"846","19109",10439
"847","19111",23857
"848","19113",155869
"849","19115",7582
"850","19117",6066
"851","19119",7724
"852","19121",11322
"853","19123",14716
"854","19125",22248
"855","19127",26441
"856","19129",10081
"857","19131",7240
"858","19133",6202
"859","19135",5203
"860","19137",7219
"861","19139",28939
"862","19141",9734
"863","19143",4374
"864","19145",11345
"865","19147",6058
"866","19149",17302
"867","19151",4946
"868","19153",328511
"869","19155",63639
"870","19157",12160
"871","19159",3213
"872","19161",6902
"873","19163",118337
"874","19165",8325
"875","19167",21356
"876","19169",51740
"877","19171",11597
"878","19173",4110
"879","19175",8235
"880","19177",5072
"881","19179",24087
"882","19181",34895
"883","19183",15309
"884","19185",4345
"885","19187",25086
"886","19189",7203
"887","19191",13436
"888","19193",67477
"889","19195",5340
"890","19197",8838
"891","20001",8542
"892","20003",5228
"893","20005",10037
"894","20007",2848
"895","20009",17360
"896","20011",9399
"897","20013",6436
"898","20015",44550
"899","20017",1817
"900","20019",2411
"901","20021",13410
"902","20023",1882
"903","20025",1355
"904","20027",5667
"905","20029",5961
"906","20031",5894
"907","20033",1305
"908","20035",22925
"909","20037",23276
"910","20039",2103
"911","20041",13007
"912","20043",4920
"913","20045",69746
"914","20047",2069
"915","20049",1784
"916","20051",17428
"917","20053",4765
"918","20055",22570
"919","20057",20445
"920","20059",17609
"921","20061",19547
"922","20063",1883
"923","20065",1782
"924","20067",4475
"925","20069",3504
"926","20071",840
"927","20073",4357
"928","20075",1514
"929","20077",3652
"930","20079",22879
"931","20081",2432
"932","20083",1222
"933","20085",8894
"934","20087",12967
"935","20089",2203
"936","20091",415395
"937","20093",2361
"938","20095",5213
"939","20097",1666
"940","20099",13649
"941","20101",1086
"942","20103",55538
"943","20105",2072
"944","20107",6885
"945","20109",1909
"946","20111",19281
"947","20113",20064
"948","20115",8061
"949","20117",6916
"950","20119",2581
"951","20121",23390
"952","20123",3912
"953","20125",21229
"954","20127",3898
"955","20129",1858
"956","20131",6634
"957","20133",10511
"958","20135",1852
"959","20137",3995
"960","20139",10905
"961","20141",2515
"962","20143",4040
"963","20145",4976
"964","20147",3498
"965","20149",16320
"966","20151",5856
"967","20153",1854
"968","20155",42647
"969","20157",3296
"970","20159",6121
"971","20161",35871
"972","20163",3557
"973","20165",2124
"974","20167",4778
"975","20169",36749
"976","20171",3399
"977","20173",340756
"978","20175",12756
"979","20177",121415
"980","20179",1675
"981","20181",3718
"982","20183",2641
"983","20185",2759
"984","20187",1409
"985","20189",3256
"986","20191",15248
"987","20193",4949
"988","20195",2143
"989","20197",4790
"990","20199",1022
"991","20201",3856
"992","20203",1540
"993","20205",5988
"994","20207",2332
"995","20209",106905
"996","21001",12713
"997","21003",14374
"998","21005",16431
"999","21007",5559
"1000","21009",30860
"1001","21011",8467
"1002","21013",16982
"1003","21015",89976
"1004","21017",13912
"1005","21019",34293
"1006","21021",20631
"1007","21023",5810
"1008","21025",9773
"1009","21027",14165
"1010","21029",58451
"1011","21031",8642
"1012","21033",8871
"1013","21035",23262
"1014","21037",65046
"1015","21039",3314
"1016","21041",7117
"1017","21043",18328
"1018","21045",11052
"1019","21047",41333
"1020","21049",25898
"1021","21051",14691
"1022","21053",6593
"1023","21055",6343
"1024","21057",4338
"1025","21059",69235
"1026","21061",9005
"1027","21063",5561
"1028","21065",10104
"1029","21067",209558
"1030","21069",10206
"1031","21071",25186
"1032","21073",36106
"1033","21075",4570
"1034","21077",5886
"1035","21079",12270
"1036","21081",16074
"1037","21083",24901
"1038","21085",18029
"1039","21087",8061
"1040","21089",25594
"1041","21091",6164
"1042","21093",73850
"1043","21095",18583
"1044","21097",13038
"1045","21099",13021
"1046","21101",31311
"1047","21103",10795
"1048","21105",3277
"1049","21107",31412
"1050","21109",9069
"1051","21111",540624
"1052","21113",35658
"1053","21115",15934
"1054","21117",115530
"1055","21119",9962
"1056","21121",20402
"1057","21123",10425
"1058","21125",43093
"1059","21127",11140
"1060","21129",5345
"1061","21131",7227
"1062","21133",15377
"1063","21135",9123
"1064","21137",16721
"1065","21139",6552
"1066","21141",18804
"1067","21143",6885
"1068","21145",47460
"1069","21147",11826
"1070","21149",6369
"1071","21151",57882
"1072","21153",8194
"1073","21155",13358
"1074","21157",22997
"1075","21159",8275
"1076","21161",11868
"1077","21163",20806
"1078","21165",4391
"1079","21167",15846
"1080","21169",7180
"1081","21171",7836
"1082","21173",19217
"1083","21175",10226
"1084","21177",21946
"1085","21179",32231
"1086","21181",5180
"1087","21183",16360
"1088","21185",45110
"1089","21187",7895
"1090","21189",3019
"1091","21191",10041
"1092","21193",19595
"1093","21195",41556
"1094","21197",8915
"1095","21199",45989
"1096","21201",1525
"1097","21203",11492
"1098","21205",14254
"1099","21207",12422
"1100","21209",37778
"1101","21211",33524
"1102","21213",13236
"1103","21215",13533
"1104","21217",17026
"1105","21219",7977
"1106","21221",10082
"1107","21223",6012
"1108","21225",9388
"1109","21227",82837
"1110","21229",8394
"1111","21231",14032
"1112","21233",8802
"1113","21235",23180
"1114","21237",4484
"1115","21239",18670
"1116","22001",38069
"1117","22003",15864
"1118","22005",83300
"1119","22007",14783
"1120","22009",26893
"1121","22011",24280
"1122","22013",9118
"1123","22015",86122
"1124","22017",160866
"1125","22019",139900
"1126","22021",6877
"1127","22023",3945
"1128","22025",6294
"1129","22027",10359
"1130","22029",12394
"1131","22031",18435
"1132","22033",284666
"1133","22035",4833
"1134","22037",14659
"1135","22039",20961
"1136","22041",13110
"1137","22043",15725
"1138","22045",45952
"1139","22047",21396
"1140","22049",10772
"1141","22051",306562
"1142","22053",21465
"1143","22055",164601
"1144","22057",66341
"1145","22059",9974
"1146","22061",26298
"1147","22063",94939
"1148","22065",6497
"1149","22067",17377
"1150","22069",22411
"1151","22071",270382
"1152","22073",104662
"1153","22075",15539
"1154","22077",14640
"1155","22079",86319
"1156","22081",5092
"1157","22083",13493
"1158","22085",15114
"1159","22087",29124
"1160","22089",35224
"1161","22091",7441
"1162","22093",14008
"1163","22095",27757
"1164","22097",53626
"1165","22099",35192
"1166","22101",33751
"1167","22103",182793
"1168","22105",87535
"1169","22107",2947
"1170","22109",72589
"1171","22111",14883
"1172","22113",38106
"1173","22115",30151
"1174","22117",31322
"1175","22119",25447
"1176","22121",19426
"1177","22123",6839
"1178","22125",11898
"1179","22127",9808
"1180","23001",77350
"1181","23003",50230
"1182","23005",222300
"1183","23007",21486
"1184","23009",42391
"1185","23011",90019
"1186","23013",31106
"1187","23015",27325
"1188","23017",44069
"1189","23019",110023
"1190","23021",13075
"1191","23023",27860
"1192","23025",37813
"1193","23027",29692
"1194","23029",23012
"1195","23031",158210
"1196","24001",47914
"1197","24003",409052
"1198","24005",589611
"1199","24009",64176
"1200","24011",22837
"1201","24013",120559
"1202","24015",72203
"1203","24017",112613
"1204","24019",23327
"1205","24021",186771
"1206","24023",21440
"1207","24025",182063
"1208","24027",225256
"1209","24029",13958
"1210","24031",729862
"1211","24033",656203
"1212","24035",36066
"1213","24037",76139
"1214","24039",16964
"1215","24041",28623
"1216","24043",108258
"1217","24045",65721
"1218","24047",40258
"1219","24510",410221
"1220","25001",180261
"1221","25003",95692
"1222","25005",407256
"1223","25007",15726
"1224","25009",562867
"1225","25011",54094
"1226","25013",318443
"1227","25015",99735
"1228","25017",1145170
"1229","25019",9942
"1230","25021",509433
"1231","25023",372525
"1232","25025",551133
"1233","25027",597824
"1234","26001",8440
"1235","26003",6562
"1236","26005",82354
"1237","26007",21535
"1238","26009",18006
"1239","26011",11313
"1240","26013",6254
"1241","26015",44172
"1242","26017",75152
"1243","26019",13789
"1244","26021",108050
"1245","26023",30962
"1246","26025",91454
"1247","26027",36887
"1248","26029",19558
"1249","26031",19958
"1250","26033",25632
"1251","26035",22771
"1252","26037",55160
"1253","26039",10082
"1254","26041",27183
"1255","26043",19042
"1256","26045",77481
"1257","26047",24986
"1258","26049",280153
"1259","26051",18968
"1260","26053",11325
"1261","26055",68969
"1262","26057",28563
"1263","26059",31504
"1264","26061",21681
"1265","26063",23224
"1266","26065",174119
"1267","26067",46270
"1268","26069",19618
"1269","26071",8930
"1270","26073",36064
"1271","26075",112132
"1272","26077",164896
"1273","26079",12992
"1274","26081",438030
"1275","26083",1734
"1276","26085",9642
"1277","26087",63664
"1278","26089",17562
"1279","26091",69488
"1280","26093",138319
"1281","26095",4125
"1282","26097",8510
"1283","26099",623718
"1284","26101",19067
"1285","26103",44267
"1286","26105",21299
"1287","26107",26586
"1288","26109",17526
"1289","26111",59321
"1290","26113",10645
"1291","26115",109932
"1292","26117",47374
"1293","26119",7334
"1294","26121",121491
"1295","26123",35223
"1296","26125",906930
"1297","26127",18800
"1298","26129",15698
"1299","26131",4866
"1300","26133",16242
"1301","26135",6160
"1302","26137",18112
"1303","26139",186701
"1304","26141",10295
"1305","26143",18908
"1306","26145",131068
"1307","26147",114600
"1308","26149",41125
"1309","26151",29066
"1310","26153",6193
"1311","26155",48507
"1312","26157",38485
"1313","26159",52266
"1314","26161",234408
"1315","26163",1205390
"1316","26165",23571
"1317","27001",12381
"1318","27003",249064
"1319","27005",24188
"1320","27007",28737
"1321","27009",27275
"1322","27011",3746
"1323","27013",40559
"1324","27015",17713
"1325","27017",25604
"1326","27019",70801
"1327","27021",22211
"1328","27023",8611
"1329","27025",39754
"1330","27027",39868
"1331","27029",5793
"1332","27031",4502
"1333","27033",7800
"1334","27035",48098
"1335","27037",298459
"1336","27039",13896
"1337","27041",27956
"1338","27043",9905
"1339","27045",14574
"1340","27047",21959
"1341","27049",33717
"1342","27051",4339
"1343","27053",885895
"1344","27055",13482
"1345","27057",15654
"1346","27059",28725
"1347","27061",32773
"1348","27063",7176
"1349","27065",11514
"1350","27067",29348
"1351","27069",2981
"1352","27071",9123
"1353","27073",4894
"1354","27075",8206
"1355","27077",2906
"1356","27079",19934
"1357","27081",3946
"1358","27083",16191
"1359","27085",25543
"1360","27087",3239
"1361","27089",6311
"1362","27091",14226
"1363","27093",15925
"1364","27095",18447
"1365","27097",23694
"1366","27099",26677
"1367","27101",5815
"1368","27103",22326
"1369","27105",13986
"1370","27107",4463
"1371","27109",109809
"1372","27111",42869
"1373","27113",9696
"1374","27115",21460
"1375","27117",6244
"1376","27119",20982
"1377","27121",8222
"1378","27123",367944
"1379","27125",2734
"1380","27127",10368
"1381","27129",10268
"1382","27131",43025
"1383","27133",6488
"1384","27135",10505
"1385","27137",137528
"1386","27139",98511
"1387","27141",64190
"1388","27143",10409
"1389","27145",97939
"1390","27147",25211
"1391","27149",5784
"1392","27151",6827
"1393","27153",17552
"1394","27155",2341
"1395","27157",15468
"1396","27159",9372
"1397","27161",13088
"1398","27163",182135
"1399","27165",7565
"1400","27167",4515
"1401","27169",31020
"1402","27171",92801
"1403","27173",6612
"1404","28001",20302
"1405","28003",24069
"1406","28005",9134
"1407","28007",11712
"1408","28009",5418
"1409","28011",20052
"1410","28013",9191
"1411","28015",7391
"1412","28017",11468
"1413","28019",5759
"1414","28021",5119
"1415","28023",10758
"1416","28025",12731
"1417","28027",13433
"1418","28029",18528
"1419","28031",12184
"1420","28033",122411
"1421","28035",47240
"1422","28037",5254
"1423","28039",16155
"1424","28041",10020
"1425","28043",14635
"1426","28045",33638
"1427","28047",140048
"1428","28049",147715
"1429","28051",10747
"1430","28053",5085
"1431","28055",1046
"1432","28057",15997
"1433","28059",98824
"1434","28061",11321
"1435","28063",4926
"1436","28065",8072
"1437","28067",44140
"1438","28069",5930
"1439","28071",32280
"1440","28073",43319
"1441","28075",49448
"1442","28077",8086
"1443","28079",14465
"1444","28081",55410
"1445","28083",17405
"1446","28085",23899
"1447","28087",38896
"1448","28089",73232
"1449","28091",16676
"1450","28093",23704
"1451","28095",23671
"1452","28097",6714
"1453","28099",18167
"1454","28101",13646
"1455","28103",6679
"1456","28105",26082
"1457","28107",22135
"1458","28109",38640
"1459","28111",7743
"1460","28113",25894
"1461","28115",20499
"1462","28117",16541
"1463","28119",4174
"1464","28121",108893
"1465","28123",17818
"1466","28125",2511
"1467","28127",17639
"1468","28129",9800
"1469","28131",11853
"1470","28133",17621
"1471","28135",8721
"1472","28137",18279
"1473","28139",14263
"1474","28141",13416
"1475","28143",6189
"1476","28145",18512
"1477","28147",9323
"1478","28149",30071
"1479","28151",29380
"1480","28153",12605
"1481","28155",6755
"1482","28157",6148
"1483","28159",12329
"1484","28161",8961
"1485","28163",19377
"1486","29001",13868
"1487","29003",12659
"1488","29005",3857
"1489","29007",17336
"1490","29009",24415
"1491","29011",7997
"1492","29013",11069
"1493","29015",15146
"1494","29017",7616
"1495","29019",111010
"1496","29021",57316
"1497","29023",28995
"1498","29025",6078
"1499","29027",30868
"1500","29029",33043
"1501","29031",52784
"1502","29033",5968
"1503","29035",3586
"1504","29037",73862
"1505","29039",9906
"1506","29041",5227
"1507","29043",60588
"1508","29045",4607
"1509","29047",172370
"1510","29049",14647
"1511","29051",53377
"1512","29053",11557
"1513","29055",16167
"1514","29057",5543
"1515","29059",11925
"1516","29061",5622
"1517","29063",8719
"1518","29065",10217
"1519","29067",8477
"1520","29069",18633
"1521","29071",73034
"1522","29073",10689
"1523","29075",4199
"1524","29077",196608
"1525","29079",6669
"1526","29081",5627
"1527","29083",15702
"1528","29085",6468
"1529","29087",3123
"1530","29089",6548
"1531","29091",27255
"1532","29093",6875
"1533","29095",487731
"1534","29097",80808
"1535","29099",157831
"1536","29101",31537
"1537","29103",2498
"1538","29105",24359
"1539","29107",22870
"1540","29109",25424
"1541","29111",6369
"1542","29113",40408
"1543","29115",8178
"1544","29117",10129
"1545","29119",15568
"1546","29121",10433
"1547","29123",8667
"1548","29125",6063
"1549","29127",19366
"1550","29129",2412
"1551","29131",17218
"1552","29133",8660
"1553","29135",10329
"1554","29137",6104
"1555","29139",8029
"1556","29141",14928
"1557","29143",11194
"1558","29145",40171
"1559","29147",12492
"1560","29149",6160
"1561","29151",9050
"1562","29153",6552
"1563","29155",10286
"1564","29157",13092
"1565","29159",28595
"1566","29161",28068
"1567","29163",12388
"1568","29165",73376
"1569","29167",20930
"1570","29169",29480
"1571","29171",3339
"1572","29173",7423
"1573","29175",17188
"1574","29177",16094
"1575","29179",4529
"1576","29181",7522
"1577","29183",279408
"1578","29185",6828
"1579","29186",13199
"1580","29187",47111
"1581","29189",693191
"1582","29195",14738
"1583","29197",2678
"1584","29199",2923
"1585","29201",25769
"1586","29203",5131
"1587","29205",4163
"1588","29207",20128
"1589","29209",24357
"1590","29211",4121
"1591","29213",38856
"1592","29215",17662
"1593","29217",13356
"1594","29219",24681
"1595","29221",16328
"1596","29223",8244
"1597","29225",25319
"1598","29227",1400
"1599","29229",12186
"1600","29510",215632
"1601","30001",6523
"1602","30003",7432
"1603","30005",4353
"1604","30007",5080
"1605","30009",8213
"1606","30011",994
"1607","30013",57794
"1608","30015",4079
"1609","30017",8580
"1610","30019",1180
"1611","30021",6222
"1612","30023",7387
"1613","30025",1945
"1614","30027",8568
"1615","30029",75750
"1616","30031",77076
"1617","30033",687
"1618","30035",8421
"1619","30037",654
"1620","30039",2581
"1621","30041",10008
"1622","30043",8988
"1623","30045",1452
"1624","30047",22064
"1625","30049",50662
"1626","30051",1363
"1627","30053",15504
"1628","30055",1340
"1629","30057",6951
"1630","30059",1490
"1631","30061",3459
"1632","30063",81050
"1633","30065",3692
"1634","30067",13482
"1635","30069",323
"1636","30071",3028
"1637","30073",4119
"1638","30075",1373
"1639","30077",5489
"1640","30079",950
"1641","30081",33694
"1642","30083",7543
"1643","30085",6182
"1644","30087",5134
"1645","30089",9732
"1646","30091",2643
"1647","30093",24314
"1648","30095",6538
"1649","30097",2593
"1650","30099",4253
"1651","30101",3554
"1652","30103",538
"1653","30105",5374
"1654","30107",1522
"1655","30109",773
"1656","30111",113507
"1657","31001",20343
"1658","31003",4288
"1659","31005",315
"1660","31007",510
"1661","31009",322
"1662","31011",3747
"1663","31013",7434
"1664","31015",1343
"1665","31017",1988
"1666","31019",31028
"1667","31021",4723
"1668","31023",5785
"1669","31025",18457
"1670","31027",5583
"1671","31029",2570
"1672","31031",3749
"1673","31033",6642
"1674","31035",4181
"1675","31037",6596
"1676","31039",6124
"1677","31041",7313
"1678","31043",12896
"1679","31045",5179
"1680","31047",15509
"1681","31049",1423
"1682","31051",3735
"1683","31053",24741
"1684","31055",381023
"1685","31057",1248
"1686","31059",4136
"1687","31061",2167
"1688","31063",1692
"1689","31065",3285
"1690","31067",15167
"1691","31069",1297
"1692","31071",1346
"1693","31073",1445
"1694","31075",445
"1695","31077",1535
"1696","31079",40196
"1697","31081",6405
"1698","31083",2173
"1699","31085",681
"1700","31087",1848
"1701","31089",6891
"1702","31091",420
"1703","31093",4497
"1704","31095",5169
"1705","31097",3829
"1706","31099",4456
"1707","31101",6130
"1708","31103",633
"1709","31105",2506
"1710","31107",5741
"1711","31109",201049
"1712","31111",23882
"1713","31113",558
"1714","31115",461
"1715","31117",339
"1716","31119",23257
"1717","31121",5437
"1718","31123",3126
"1719","31125",2370
"1720","31127",4607
"1721","31129",3020
"1722","31131",10972
"1723","31133",1794
"1724","31135",1965
"1725","31137",6092
"1726","31139",4940
"1727","31141",22403
"1728","31143",3598
"1729","31145",7380
"1730","31147",5672
"1731","31149",925
"1732","31151",9320
"1733","31153",123235
"1734","31155",15336
"1735","31157",24201
"1736","31159",11099
"1737","31161",3595
"1738","31163",2158
"1739","31165",783
"1740","31167",3980
"1741","31169",3514
"1742","31171",496
"1743","31173",3660
"1744","31175",2868
"1745","31177",14264
"1746","31179",5479
"1747","31181",2401
"1748","31183",611
"1749","31185",9553
"1750","32001",17516
"1751","32003",1560375
"1752","32005",38843
"1753","32007",34678
"1754","32009",873
"1755","32011",1111
"1756","32013",11339
"1757","32015",3854
"1758","32017",3187
"1759","32019",43054
"1760","32021",3263
"1761","32023",40380
"1762","32027",5013
"1763","32029",3113
"1764","32031",339174
"1765","32033",6727
"1766","32510",41987
"1767","33001",47981
"1768","33003",39992
"1769","33005",54560
"1770","33007",24511
"1771","33009",65142
"1772","33011",301873
"1773","33013",110798
"1774","33015",231996
"1775","33017",87852
"1776","33019",32648
"1777","34001",191583
"1778","34003",674596
"1779","34005",329081
"1780","34007",360582
"1781","34009",72532
"1782","34011",103984
"1783","34013",573215
"1784","34015",207727
"1785","34017",512195
"1786","34019",93742
"1787","34021",259959
"1788","34023",591318
"1789","34025",454185
"1790","34027",359811
"1791","34029",434506
"1792","34031",346430
"1793","34033",45316
"1794","34035",242607
"1795","34037",105082
"1796","34039",389288
"1797","34041",79264
"1798","35001",469743
"1799","35003",2925
"1800","35005",41749
"1801","35006",18386
"1802","35007",9233
"1803","35009",29818
"1804","35011",1139
"1805","35013",134344
"1806","35015",39653
"1807","35017",20381
"1808","35019",3398
"1809","35021",471
"1810","35023",2908
"1811","35025",43412
"1812","35027",15369
"1813","35028",13886
"1814","35029",16460
"1815","35031",45143
"1816","35033",3394
"1817","35035",44772
"1818","35037",6380
"1819","35039",27682
"1820","35041",11171
"1821","35043",103937
"1822","35045",79736
"1823","35047",19765
"1824","35049",116573
"1825","35051",9168
"1826","35053",10697
"1827","35055",26461
"1828","35057",10624
"1829","35059",2860
"1830","35061",52270
"1831","36001",211845
"1832","36003",29967
"1833","36005",943981
"1834","36007",131196
"1835","36009",53128
"1836","36011",55374
"1837","36013",89404
"1838","36015",58945
"1839","36017",33959
"1840","36019",55243
"1841","36021",47307
"1842","36023",29274
"1843","36025",33158
"1844","36027",210886
"1845","36029",671368
"1846","36031",28930
"1847","36033",33832
"1848","36035",38665
"1849","36037",41797
"1850","36039",36429
"1851","36041",4107
"1852","36043",43013
"1853","36045",74585
"1854","36047",1860601
"1855","36049",18480
"1856","36051",41890
"1857","36053",46161
"1858","36055",525640
"1859","36057",34309
"1860","36059",969981
"1861","36061",1267630
"1862","36063",152567
"1863","36065",159897
"1864","36067",324436
"1865","36069",80008
"1866","36071",256375
"1867","36073",29333
"1868","36075",80294
"1869","36077",39352
"1870","36079",70716
"1871","36081",1709759
"1872","36083",113385
"1873","36085",344639
"1874","36087",208539
"1875","36089",71483
"1876","36091",170815
"1877","36093",109680
"1878","36095",21509
"1879","36097",13283
"1880","36099",24400
"1881","36101",66493
"1882","36103",1067104
"1883","36105",55556
"1884","36107",34747
"1885","36109",61156
"1886","36111",134090
"1887","36113",49282
"1888","36115",45270
"1889","36117",65234
"1890","36119",695064
"1891","36121",29511
"1892","36123",16746
"1893","37001",115744
"1894","37003",26366
"1895","37005",8508
"1896","37007",15790
"1897","37009",20539
"1898","37011",13603
"1899","37013",32694
"1900","37015",13425
"1901","37017",21347
"1902","37019",111828
"1903","37021",200084
"1904","37023",64552
"1905","37025",150268
"1906","37027",58269
"1907","37029",7290
"1908","37031",52162
"1909","37033",16679
"1910","37035",112106
"1911","37037",56742
"1912","37039",22423
"1913","37041",10603
"1914","37043",8551
"1915","37045",68628
"1916","37047",35890
"1917","37049",68006
"1918","37051",208267
"1919","37053",20448
"1920","37055",27944
"1921","37057",119381
"1922","37059",30752
"1923","37061",33381
"1924","37063",225746
"1925","37065",34110
"1926","37067",257771
"1927","37069",48583
"1928","37071",158986
"1929","37073",7757
"1930","37075",5809
"1931","37077",43383
"1932","37079",14601
"1933","37081",357540
"1934","37083",34748
"1935","37085",88532
"1936","37087",46815
"1937","37089",87179
"1938","37091",15136
"1939","37093",33996
"1940","37095",3706
"1941","37097",130349
"1942","37099",27605
"1943","37101",146407
"1944","37103",6848
"1945","37105",43222
"1946","37107",38258
"1947","37109",63079
"1948","37111",32612
"1949","37113",27929
"1950","37115",15610
"1951","37117",16019
"1952","37119",755037
"1953","37121",11148
"1954","37123",18303
"1955","37125",72283
"1956","37127",66173
"1957","37129",158599
"1958","37131",13261
"1959","37133",110214
"1960","37135",92484
"1961","37137",9769
"1962","37139",27830
"1963","37141",43541
"1964","37143",9828
"1965","37145",27970
"1966","37147",105366
"1967","37149",15320
"1968","37151",100308
"1969","37153",29335
"1970","37155",75885
"1971","37157",66036
"1972","37159",101628
"1973","37161",46748
"1974","37163",39775
"1975","37165",23188
"1976","37167",44097
"1977","37169",32996
"1978","37171",50638
"1979","37173",9664
"1980","37175",25529
"1981","37177",2542
"1982","37179",154639
"1983","37181",28800
"1984","37183",764919
"1985","37185",14047
"1986","37187",7927
"1987","37189",31195
"1988","37191",78268
"1989","37193",47754
"1990","37195",54088
"1991","37197",26525
"1992","37199",13849
"1993","38001",1576
"1994","38003",7518
"1995","38005",3366
"1996","38007",608
"1997","38009",4468
"1998","38011",2027
"1999","38013",1545
"2000","38015",66365
"2001","38017",117253
"2002","38019",2643
"2003","38021",3194
"2004","38023",1547
"2005","38025",2918
"2006","38027",1710
"2007","38029",2454
"2008","38031",2448
"2009","38033",1278
"2010","38035",43156
"2011","38037",1733
"2012","38039",1688
"2013","38041",1839
"2014","38043",1664
"2015","38045",2956
"2016","38047",1360
"2017","38049",3755
"2018","38051",1969
"2019","38053",8610
"2020","38055",7093
"2021","38057",5913
"2022","38059",22764
"2023","38061",6150
"2024","38063",2207
"2025","38065",1285
"2026","38067",4956
"2027","38069",2855
"2028","38071",7912
"2029","38073",3927
"2030","38075",1520
"2031","38077",10689
"2032","38079",7156
"2033","38081",2755
"2034","38083",1054
"2035","38085",2058
"2036","38087",645
"2037","38089",21339
"2038","38091",1274
"2039","38093",15007
"2040","38095",1565
"2041","38097",5433
"2042","38099",7374
"2043","38101",44411
"2044","38103",2869
"2045","38105",24397
"2046","39001",18788
"2047","39003",68467
"2048","39005",35796
"2049","39007",68664
"2050","39009",36121
"2051","39011",31516
"2052","39013",48858
"2053","39015",30495
"2054","39017",250309
"2055","39019",19215
"2056","39021",27213
"2057","39023",93613
"2058","39025",145158
"2059","39027",28281
"2060","39029",73589
"2061","39031",25230
"2062","39033",29418
"2063","39035",889511
"2064","39037",35316
"2065","39039",26294
"2066","39041",143354
"2067","39043",54257
"2068","39045",107962
"2069","39047",19802
"2070","39049",884031
"2071","39051",29212
"2072","39053",19986
"2073","39055",66126
"2074","39057",113708
"2075","39059",26855
"2076","39061",560476
"2077","39063",51383
"2078","39065",18602
"2079","39067",10528
"2080","39069",19085
"2081","39071",29583
"2082","39073",19886
"2083","39075",26321
"2084","39077",39929
"2085","39079",22338
"2086","39081",46261
"2087","39083",41172
"2088","39085",168448
"2089","39087",40878
"2090","39089",121399
"2091","39091",32033
"2092","39093",218104
"2093","39095",291940
"2094","39097",31763
"2095","39099",162714
"2096","39101",46136
"2097","39103",128630
"2098","39105",15814
"2099","39107",28029
"2100","39109",75367
"2101","39111",9678
"2102","39113",368011
"2103","39115",9961
"2104","39117",24585
"2105","39119",59133
"2106","39121",10794
"2107","39123",30571
"2108","39125",13005
"2109","39127",24430
"2110","39129",40969
"2111","39131",18624
"2112","39133",106257
"2113","39135",28742
"2114","39137",22965
"2115","39139",87245
"2116","39141",54657
"2117","39143",41566
"2118","39145",51355
"2119","39147",37084
"2120","39149",31994
"2121","39151",262027
"2122","39153",381738
"2123","39155",144381
"2124","39157",64183
"2125","39159",43037
"2126","39161",19896
"2127","39163",9053
"2128","39165",164904
"2129","39167",42689
"2130","39169",76670
"2131","39171",25795
"2132","39173",82400
"2133","39175",15341
"2134","40001",12785
"2135","40003",4251
"2136","40005",10044
"2137","40007",3387
"2138","40009",15297
"2139","40011",6123
"2140","40013",31086
"2141","40015",18308
"2142","40017",103902
"2143","40019",32134
"2144","40021",30155
"2145","40023",9663
"2146","40025",1561
"2147","40027",188419
"2148","40029",3580
"2149","40031",78204
"2150","40033",3845
"2151","40035",9923
"2152","40037",49331
"2153","40039",16660
"2154","40041",29755
"2155","40043",2865
"2156","40045",2669
"2157","40047",40653
"2158","40049",17251
"2159","40051",37546
"2160","40053",2800
"2161","40055",3955
"2162","40057",1722
"2163","40059",2238
"2164","40061",8001
"2165","40063",9361
"2166","40065",15827
"2167","40067",3647
"2168","40069",6859
"2169","40071",29058
"2170","40073",9880
"2171","40075",5801
"2172","40077",6531
"2173","40079",32599
"2174","40081",23240
"2175","40083",33348
"2176","40085",6767
"2177","40087",28377
"2178","40089",20386
"2179","40091",14058
"2180","40093",5223
"2181","40095",10666
"2182","40097",26930
"2183","40099",9532
"2184","40101",44319
"2185","40103",7489
"2186","40105",6538
"2187","40107",7858
"2188","40109",519228
"2189","40111",24684
"2190","40113",32682
"2191","40115",19779
"2192","40117",10787
"2193","40119",44198
"2194","40121",30453
"2195","40123",25124
"2196","40125",48236
"2197","40127",7764
"2198","40129",2362
"2199","40131",65110
"2200","40133",15607
"2201","40135",26856
"2202","40137",29904
"2203","40139",13009
"2204","40141",4686
"2205","40143",439813
"2206","40145",56279
"2207","40147",35690
"2208","40149",7460
"2209","40151",5369
"2210","40153",13788
"2211","41001",12415
"2212","41003",58369
"2213","41005",300373
"2214","41007",30595
"2215","41009",38085
"2216","41011",48945
"2217","41013",18626
"2218","41015",19116
"2219","41017",147063
"2220","41019",82360
"2221","41021",1477
"2222","41023",5609
"2223","41025",5499
"2224","41027",16735
"2225","41029",160008
"2226","41031",17060
"2227","41033",65703
"2228","41035",48771
"2229","41037",6130
"2230","41039",264813
"2231","41041",39183
"2232","41043",89890
"2233","41045",20497
"2234","41047",230076
"2235","41049",7712
"2236","41051",598188
"2237","41053",57222
"2238","41055",1368
"2239","41057",20699
"2240","41059",52883
"2241","41061",17596
"2242","41063",5608
"2243","41065",18770
"2244","41067",417204
"2245","41069",1101
"2246","41071",73347
"2247","42001",73526
"2248","42003",902730
"2249","42005",48608
"2250","42007",123142
"2251","42009",34889
"2252","42011",292213
"2253","42013",87416
"2254","42015",42551
"2255","42017",464065
"2256","42019",139574
"2257","42021",95844
"2258","42023",3476
"2259","42025",48059
"2260","42027",97184
"2261","42029",367451
"2262","42031",25480
"2263","42033",59485
"2264","42035",25001
"2265","42037",43527
"2266","42039",58926
"2267","42041",181984
"2268","42043",198441
"2269","42045",391672
"2270","42047",22721
"2271","42049",186684
"2272","42051",94625
"2273","42053",5716
"2274","42055",110146
"2275","42057",10579
"2276","42059",25538
"2277","42061",31981
"2278","42063",54397
"2279","42065",31574
"2280","42067",16493
"2281","42069",151972
"2282","42071",374869
"2283","42073",61794
"2284","42075",98487
"2285","42077",255117
"2286","42079",231289
"2287","42081",80154
"2288","42083",28826
"2289","42085",78929
"2290","42087",32350
"2291","42089",118803
"2292","42091",603213
"2293","42093",13288
"2294","42095",220129
"2295","42097",66933
"2296","42099",33078
"2297","42101",1090012
"2298","42103",44410
"2299","42105",11947
"2300","42107",104476
"2301","42109",26578
"2302","42111",55224
"2303","42113",4861
"2304","42115",28648
"2305","42117",29481
"2306","42119",29049
"2307","42121",37461
"2308","42123",28337
"2309","42125",151239
"2310","42127",39339
"2311","42129",263459
"2312","42131",18901
"2313","42133",319732
"2314","44001",35419
"2315","44003",126563
"2316","44005",63786
"2317","44007",454952
"2318","44009",90564
"2319","45001",17149
"2320","45003",120157
"2321","45005",5670
"2322","45007",140512
"2323","45009",8978
"2324","45011",13769
"2325","45013",136528
"2326","45015",154846
"2327","45017",10500
"2328","45019",295540
"2329","45021",38207
"2330","45023",22441
"2331","45025",30442
"2332","45027",22550
"2333","45029",26939
"2334","45031",43315
"2335","45033",18693
"2336","45035",109799
"2337","45037",19108
"2338","45039",15303
"2339","45041",92542
"2340","45043",48042
"2341","45045",361179
"2342","45047",46557
"2343","45049",13205
"2344","45051",266541
"2345","45053",21362
"2346","45055",45757
"2347","45057",70340
"2348","45059",46889
"2349","45061",11745
"2350","45063",205290
"2351","45065",7986
"2352","45067",20292
"2353","45069",19034
"2354","45071",25949
"2355","45073",57617
"2356","45075",56778
"2357","45077",82774
"2358","45079",263144
"2359","45081",13321
"2360","45083",223505
"2361","45085",69519
"2362","45087",19408
"2363","45089",22458
"2364","45091",191641
"2365","46003",1724
"2366","46005",12532
"2367","46007",1797
"2368","46009",5171
"2369","46011",18716
"2370","46013",25369
"2371","46015",3576
"2372","46017",911
"2373","46019",7263
"2374","46021",1111
"2375","46023",5655
"2376","46025",2554
"2377","46027",7334
"2378","46029",19341
"2379","46031",2139
"2380","46033",6941
"2381","46035",13591
"2382","46037",3909
"2383","46039",2941
"2384","46041",2792
"2385","46043",1894
"2386","46045",2874
"2387","46047",5482
"2388","46049",1440
"2389","46051",5257
"2390","46053",2773
"2391","46055",1233
"2392","46057",3619
"2393","46059",2123
"2394","46061",2121
"2395","46063",863
"2396","46065",12296
"2397","46067",4982
"2398","46069",993
"2399","46071",1712
"2400","46073",1396
"2401","46075",670
"2402","46077",3532
"2403","46079",7737
"2404","46081",18355
"2405","46083",42903
"2406","46085",2317
"2407","46087",3712
"2408","46089",1663
"2409","46091",3029
"2410","46093",20199
"2411","46095",1248
"2412","46097",1661
"2413","46099",130706
"2414","46101",4236
"2415","46102",6994
"2416","46103",76300
"2417","46105",2101
"2418","46107",1811
"2419","46109",6443
"2420","46111",1583
"2421","46115",4513
"2422","46117",2130
"2423","46119",1032
"2424","46121",4695
"2425","46123",4057
"2426","46125",5989
"2427","46127",11461
"2428","46129",3768
"2429","46135",16238
"2430","46137",1479
"2431","47001",55143
"2432","47003",33792
"2433","47005",11591
"2434","47007",11441
"2435","47009",98165
"2436","47011",74607
"2437","47013",28408
"2438","47015",10328
"2439","47017",19421
"2440","47019",42063
"2441","47021",29340
"2442","47023",11286
"2443","47025",23056
"2444","47027",5510
"2445","47029",26270
"2446","47031",39473
"2447","47033",9480
"2448","47035",47524
"2449","47037",495381
"2450","47039",8322
"2451","47041",14386
"2452","47043",37919
"2453","47045",25019
"2454","47047",31529
"2455","47049",13453
"2456","47051",29560
"2457","47053",34441
"2458","47055",21382
"2459","47057",17170
"2460","47059",50666
"2461","47061",9623
"2462","47063",44329
"2463","47065",259234
"2464","47067",4850
"2465","47069",18436
"2466","47071",19378
"2467","47073",41611
"2468","47075",12484
"2469","47077",19260
"2470","47079",23375
"2471","47081",17892
"2472","47083",5809
"2473","47085",13339
"2474","47087",8770
"2475","47089",39459
"2476","47091",13727
"2477","47093",322573
"2478","47095",5264
"2479","47097",17136
"2480","47099",29839
"2481","47101",8743
"2482","47103",24770
"2483","47105",41137
"2484","47107",37686
"2485","47109",18281
"2486","47111",16887
"2487","47113",66475
"2488","47115",20693
"2489","47117",23527
"2490","47119",70957
"2491","47121",9322
"2492","47123",33502
"2493","47125",137996
"2494","47127",4787
"2495","47129",15303
"2496","47131",21643
"2497","47133",15952
"2498","47135",5793
"2499","47137",3784
"2500","47139",12893
"2501","47141",51667
"2502","47143",22843
"2503","47145",39812
"2504","47147",50350
"2505","47149",217950
"2506","47151",14918
"2507","47153",11627
"2508","47155",71045
"2509","47157",610776
"2510","47159",14009
"2511","47161",9715
"2512","47163",116111
"2513","47165",135793
"2514","47167",41274
"2515","47169",8371
"2516","47171",13289
"2517","47173",14064
"2518","47175",4588
"2519","47177",28286
"2520","47179",91259
"2521","47181",12219
"2522","47183",21122
"2523","47185",19417
"2524","47187",163046
"2525","47189",102516
"2526","48001",42436
"2527","48003",11043
"2528","48005",56714
"2529","48007",19026
"2530","48009",6034
"2531","48011",1331
"2532","48013",31538
"2533","48015",20958
"2534","48017",4342
"2535","48019",16279
"2536","48021",64589
"2537","48023",2468
"2538","48025",21600
"2539","48027",227732
"2540","48029",1297977
"2541","48031",8849
"2542","48033",439
"2543","48035",13281
"2544","48037",62699
"2545","48039",245242
"2546","48041",123121
"2547","48043",7149
"2548","48045",978
"2549","48047",4914
"2550","48049",26536
"2551","48051",12878
"2552","48053",35526
"2553","48055",30562
"2554","48057",13619
"2555","48059",9723
"2556","48061",250129
"2557","48063",8192
"2558","48065",3905
"2559","48067",20037
"2560","48069",4499
"2561","48071",29931
"2562","48073",33407
"2563","48075",4993
"2564","48077",7534
"2565","48079",1689
"2566","48081",2385
"2567","48083",5588
"2568","48085",711181
"2569","48087",1786
"2570","48089",14013
"2571","48091",115639
"2572","48093",9615
"2573","48095",2474
"2574","48097",28556
"2575","48099",52395
"2576","48101",1097
"2577","48103",2894
"2578","48105",2344
"2579","48107",3413
"2580","48109",1688
"2581","48111",4467
"2582","48113",1681632
"2583","48115",7853
"2584","48117",10827
"2585","48119",3691
"2586","48121",611044
"2587","48123",13944
"2588","48125",1174
"2589","48127",5327
"2590","48129",2155
"2591","48131",6380
"2592","48133",12158
"2593","48135",96948
"2594","48137",841
"2595","48139",125963
"2596","48141",535173
"2597","48143",25212
"2598","48145",11605
"2599","48147",25287
"2600","48149",18005
"2601","48151",2608
"2602","48153",3488
"2603","48155",698
"2604","48157",536035
"2605","48159",7328
"2606","48161",13871
"2607","48163",11719
"2608","48165",11665
"2609","48167",236769
"2610","48169",4158
"2611","48171",19720
"2612","48173",739
"2613","48175",5044
"2614","48177",12754
"2615","48179",14061
"2616","48181",92530
"2617","48183",80126
"2618","48185",20175
"2619","48187",115577
"2620","48189",19888
"2621","48191",1978
"2622","48193",5812
"2623","48195",3276
"2624","48197",2473
"2625","48199",38319
"2626","48201",3032681
"2627","48203",45553
"2628","48205",4062
"2629","48207",3963
"2630","48209",149815
"2631","48211",2262
"2632","48213",58449
"2633","48215",496398
"2634","48217",24820
"2635","48219",13638
"2636","48221",45404
"2637","48223",24949
"2638","48225",16318
"2639","48227",23829
"2640","48229",2242
"2641","48231",67094
"2642","48233",13527
"2643","48235",1127
"2644","48237",5841
"2645","48239",10059
"2646","48241",22805
"2647","48243",1634
"2648","48245",170001
"2649","48247",2439
"2650","48249",24864
"2651","48251",119361
"2652","48253",14653
"2653","48255",10347
"2654","48257",94837
"2655","48259",31578
"2656","48261",87
"2657","48263",452
"2658","48265",38482
"2659","48267",3177
"2660","48269",160
"2661","48271",2536
"2662","48273",17217
"2663","48275",2310
"2664","48277",34191
"2665","48279",8225
"2666","48281",15447
"2667","48283",4483
"2668","48285",14057
"2669","48287",12387
"2670","48289",11219
"2671","48291",58795
"2672","48293",15524
"2673","48295",1872
"2674","48297",8273
"2675","48299",17083
"2676","48301",63
"2677","48303",184975
"2678","48305",3668
"2679","48307",5385
"2680","48309",159035
"2681","48311",432
"2682","48313",9295
"2683","48315",7233
"2684","48317",3019
"2685","48319",2769
"2686","48321",23788
"2687","48323",33187
"2688","48325",34739
"2689","48327",1525
"2690","48329",105464
"2691","48331",17084
"2692","48333",3395
"2693","48335",5459
"2694","48337",14199
"2695","48339",412475
"2696","48341",12547
"2697","48343",8137
"2698","48345",921
"2699","48347",37715
"2700","48349",33975
"2701","48351",8735
"2702","48353",9530
"2703","48355",231734
"2704","48357",6078
"2705","48359",1302
"2706","48361",56679
"2707","48363",19471
"2708","48365",15292
"2709","48367",102048
"2710","48369",6233
"2711","48371",10286
"2712","48373",36530
"2713","48375",75078
"2714","48377",3794
"2715","48379",9191
"2716","48381",93239
"2717","48383",1986
"2718","48385",1967
"2719","48387",8469
"2720","48389",9135
"2721","48391",4703
"2722","48393",536
"2723","48395",11556
"2724","48397",72042
"2725","48399",6840
"2726","48401",36101
"2727","48403",7611
"2728","48405",5847
"2729","48407",19564
"2730","48409",44640
"2731","48411",4116
"2732","48413",1655
"2733","48415",11030
"2734","48417",2148
"2735","48419",15896
"2736","48421",1579
"2737","48423",154691
"2738","48425",6560
"2739","48427",36496
"2740","48429",6350
"2741","48431",820
"2742","48433",769
"2743","48435",1975
"2744","48437",4529
"2745","48439",1365169
"2746","48441",87176
"2747","48443",718
"2748","48445",7356
"2749","48447",1064
"2750","48449",19428
"2751","48451",77310
"2752","48453",901585
"2753","48455",9979
"2754","48457",14458
"2755","48459",28275
"2756","48461",2195
"2757","48463",15486
"2758","48465",28847
"2759","48467",41750
"2760","48469",59744
"2761","48471",51244
"2762","48473",31707
"2763","48475",7184
"2764","48477",24195
"2765","48479",150530
"2766","48481",27211
"2767","48483",3452
"2768","48485",83476
"2769","48487",8703
"2770","48489",12926
"2771","48491",414552
"2772","48493",34277
"2773","48495",4675
"2774","48497",47242
"2775","48499",32972
"2776","48501",4596
"2777","48503",12426
"2778","48505",7912
"2779","48507",5822
"2780","49001",4241
"2781","49003",34857
"2782","49005",68799
"2783","49007",13286
"2784","49009",429
"2785","49011",215372
"2786","49013",11720
"2787","49015",6282
"2788","49017",3747
"2789","49019",6970
"2790","49021",32559
"2791","49023",6736
"2792","49025",5607
"2793","49027",7915
"2794","49029",6940
"2795","49031",1234
"2796","49033",1528
"2797","49035",754424
"2798","49037",8909
"2799","49039",17341
"2800","49041",13611
"2801","49043",28806
"2802","49045",43518
"2803","49047",21267
"2804","49049",335378
"2805","49051",21373
"2806","49053",120527
"2807","49055",1753
"2808","49057",164790
"2809","50001",26081
"2810","50003",26835
"2811","50005",21985
"2812","50007",112289
"2813","50009",4562
"2814","50011",35303
"2815","50013",5608
"2816","50015",18510
"2817","50017",21890
"2818","50019",20080
"2819","50021",44836
"2820","50023",43551
"2821","50025",34055
"2822","50027",43448
"2823","51001",24396
"2824","51003",76936
"2825","51005",11161
"2826","51007",9801
"2827","51009",22321
"2828","51011",11491
"2829","51013",173124
"2830","51015",57106
"2831","51017",3217
"2832","51019",58099
"2833","51021",4995
"2834","51023",24891
"2835","51025",12066
"2836","51027",15445
"2837","51029",12595
"2838","51031",40012
"2839","51033",21511
"2840","51035",21867
"2841","51036",5323
"2842","51037",8154
"2843","51041",247120
"2844","51043",10904
"2845","51045",3476
"2846","51047",35453
"2847","51049",7215
"2848","51051",10379
"2849","51053",20159
"2850","51057",7710
"2851","51059",782543
"2852","51061",50357
"2853","51063",11686
"2854","51065",20240
"2855","51067",39873
"2856","51069",64068
"2857","51071",12132
"2858","51073",28272
"2859","51075",18847
"2860","51077",11769
"2861","51079",14314
"2862","51081",8609
"2863","51083",24647
"2864","51085",76949
"2865","51087",232800
"2866","51089",37373
"2867","51091",1716
"2868","51093",27889
"2869","51095",57505
"2870","51097",5203
"2871","51099",17979
"2872","51101",12367
"2873","51103",8739
"2874","51105",16643
"2875","51107",272771
"2876","51109",27905
"2877","51111",8799
"2878","51113",10115
"2879","51115",6472
"2880","51117",22650
"2881","51119",8382
"2882","51121",55915
"2883","51125",11116
"2884","51127",17446
"2885","51131",9104
"2886","51133",9305
"2887","51135",11219
"2888","51137",26211
"2889","51139",17364
"2890","51141",13562
"2891","51143",44958
"2892","51145",22976
"2893","51147",12652
"2894","51149",27630
"2895","51153",308899
"2896","51155",25456
"2897","51157",5568
"2898","51159",6785
"2899","51161",69897
"2900","51163",17030
"2901","51165",57436
"2902","51167",19105
"2903","51169",16157
"2904","51171",31621
"2905","51173",21792
"2906","51175",13236
"2907","51177",94502
"2908","51179",101532
"2909","51181",4969
"2910","51183",7976
"2911","51185",29102
"2912","51187",28642
"2913","51191",40259
"2914","51193",13910
"2915","51195",25997
"2916","51197",20773
"2917","51199",47433
"2918","51510",119669
"2919","51520",12294
"2920","51530",4024
"2921","51540",29416
"2922","51550",168224
"2923","51570",12713
"2924","51580",3991
"2925","51590",29469
"2926","51595",3819
"2927","51600",16324
"2928","51610",9712
"2929","51620",5659
"2930","51630",16897
"2931","51640",4432
"2932","51650",92527
"2933","51660",26275
"2934","51670",15006
"2935","51678",3367
"2936","51680",44182
"2937","51683",27688
"2938","51685",11381
"2939","51690",8927
"2940","51700",120199
"2941","51710",152314
"2942","51720",2684
"2943","51730",22903
"2944","51735",8747
"2945","51740",65575
"2946","51750",7321
"2947","51760",160905
"2948","51770",69643
"2949","51775",17311
"2950","51790",18357
"2951","51800",64647
"2952","51810",316178
"2953","51820",15799
"2954","51830",7688
"2955","51840",18799
"2956","53001",11258
"2957","53003",16165
"2958","53005",134954
"2959","53007",54434
"2960","53009",59865
"2961","53011",345411
"2962","53013",3021
"2963","53015",77072
"2964","53017",28706
"2965","53019",5559
"2966","53021",56267
"2967","53023",1696
"2968","53025",60723
"2969","53027",55194
"2970","53029",63659
"2971","53031",27822
"2972","53033",1622636
"2973","53035",194382
"2974","53037",28306
"2975","53039",17119
"2976","53041",58732
"2977","53043",7879
"2978","53045",48525
"2979","53047",29871
"2980","53049",18446
"2981","53051",9958
"2982","53053",622204
"2983","53055",14820
"2984","53057",92028
"2985","53059",9148
"2986","53061",580338
"2987","53063",371538
"2988","53065",33841
"2989","53067",208615
"2990","53069",3451
"2991","53071",40947
"2992","53073",152506
"2993","53075",24342
"2994","53077",155876
"2995","54001",10601
"2996","54003",85192
"2997","54005",15480
"2998","54007",9292
"2999","54009",16252
"3000","54011",62754
"3001","54013",4718
"3002","54015",5609
"3003","54017",6056
"3004","54019",29452
"3005","54021",5288
"3006","54023",8164
"3007","54025",24403
"3008","54027",17297
"3009","54029",21485
"3010","54031",10431
"3011","54033",46803
"3012","54035",19840
"3013","54037",40367
"3014","54039",130252
"3015","54041",12133
"3016","54043",14448
"3017","54045",23284
"3018","54047",13790
"3019","54049",38618
"3020","54051",22710
"3021","54053",18410
"3022","54055",42048
"3023","54057",19384
"3024","54059",16663
"3025","54061",65027
"3026","54063",8964
"3027","54065",13060
"3028","54067",17841
"3029","54069",29835
"3030","54071",4653
"3031","54073",5430
"3032","54075",5994
"3033","54077",25566
"3034","54079",40561
"3035","54081",52795
"3036","54083",20533
"3037","54085",6234
"3038","54087",10110
"3039","54089",9424
"3040","54091",12187
"3041","54093",5388
"3042","54095",6182
"3043","54097",16418
"3044","54099",28006
"3045","54101",6181
"3046","54103",10305
"3047","54105",3848
"3048","54107",60316
"3049","54109",15447
"3050","55001",16596
"3051","55003",11136
"3052","55005",33242
"3053","55007",12545
"3054","55009",180495
"3055","55011",9747
"3056","55013",12836
"3057","55015",36408
"3058","55017",47131
"3059","55019",21563
"3060","55021",41753
"3061","55023",11782
"3062","55025",370892
"3063","55027",64480
"3064","55029",23483
"3065","55031",31727
"3066","55033",27990
"3067","55035",67365
"3068","55037",3607
"3069","55039",73005
"3070","55041",6785
"3071","55043",32525
"3072","55045",26479
"3073","55047",13502
"3074","55049",16888
"3075","55051",4938
"3076","55053",14912
"3077","55055",59485
"3078","55057",19700
"3079","55059",114537
"3080","55061",14666
"3081","55063",77996
"3082","55065",11369
"3083","55067",14333
"3084","55069",21396
"3085","55071",58590
"3086","55073",96076
"3087","55075",31233
"3088","55077",11727
"3089","55078",2488
"3090","55079",620640
"3091","55081",31206
"3092","55083",28774
"3093","55085",29073
"3094","55087",130100
"3095","55089",64467
"3096","55091",5276
"3097","55093",26847
"3098","55095",32988
"3099","55097",45814
"3100","55099",10709
"3101","55101",135029
"3102","55103",12336
"3103","55105",112361
"3104","55107",10386
"3105","55109",63874
"3106","55111",46152
"3107","55113",13693
"3108","55115",29299
"3109","55117",82149
"3110","55119",13904
"3111","55121",20775
"3112","55123",20660
"3113","55125",18135
"3114","55127",70518
"3115","55129",12605
"3116","55131",97348
"3117","55133",289847
"3118","55135",37712
"3119","55137",18695
"3120","55139",116103
"3121","55141",52948
"3122","56001",21101
"3123","56003",7954
"3124","56005",30249
"3125","56007",10146
"3126","56009",9500
"3127","56011",5065
"3128","56013",26286
"3129","56015",8911
"3130","56017",3308
"3131","56019",6336
"3132","56021",68410
"3133","56023",13207
"3134","56025",53977
"3135","56027",1882
"3136","56029",21506
"3137","56031",6572
"3138","56033",22046
"3139","56035",6184
"3140","56037",27594
"3141","56039",17873
"3142","56041",13274
"3143","56043",5521
"3144","56045",4900
"3145","72001",13115
"3146","72003",28576
"3147","72005",40147
"3148","72007",17285
"3149","72009",18353
"3150","72011",19078
"3151","72013",64464
"3152","72015",11341
"3153","72017",16451
"3154","72019",20173
"3155","72021",136936
"3156","72023",35227
"3157","72025",93442
"3158","72027",24290
"3159","72029",30544
"3160","72031",114434
"3161","72033",16783
"3162","72035",30794
"3163","72037",8410
"3164","72039",12489
"3165","72041",29002
"3166","72043",25766
"3167","72045",13877
"3168","72047",24749
"3169","72049",812
"3170","72051",25622
"3171","72053",23339
"3172","72054",8080
"3173","72055",9758
"3174","72057",26104
"3175","72059",12786
"3176","72061",68776
"3177","72063",29397
"3178","72065",28771
"3179","72067",11972
"3180","72069",37711
"3181","72071",31882
"3182","72073",10416
"3183","72075",33053
"3184","72077",26306
"3185","72079",17473
"3186","72081",20841
"3187","72083",6237
"3188","72085",25698
"3189","72087",17127
"3190","72089",13012
"3191","72091",28786
"3192","72093",3969
"3193","72095",8052
"3194","72097",49701
"3195","72099",26947
"3196","72101",20557
"3197","72103",16479
"3198","72105",21238
"3199","72107",15272
"3200","72109",12024
"3201","72111",14246
"3202","72113",98573
"3203","72115",17298
"3204","72117",11750
"3205","72119",34604
"3206","72121",15918
"3207","72123",18419
"3208","72125",23259
"3209","72127",253367
"3210","72129",27831
"3211","72131",29132
"3212","72133",14291
"3213","72135",48006
"3214","72137",54759
"3215","72139",49610
"3216","72141",20839
"3217","72143",25230
"3218","72145",39853
"3219","72147",6017
"3220","72149",15531
"3221","72151",22497
"3222","72153",25439
